config,condition,scan_id,pa_x,pa_y,pa_z,focus_x,focus_y,focus_z,beam_sum,beam_mean,beam_max,beam_db,beam_percent,geometry_echo_percent,edm_echo_percent,edm_minus_geometry_db
1D32,A_PA1_to_C1,0,-126.47159,137.926021,-64.727672,-124.23,120.25,-51.8,3.404236750426412,0.10638239845082538,0.9648563318988036,-18.727205218513344,11.578165124897891,35.793524213540394,39.020665410586275,0.7498042024368801
1D32,A_PA1_to_C1,1,-125.5875311773166,139.02719128142945,-65.13280492576665,-123.25,121.26,-51.8,3.4314458466980464,0.10723268270931395,0.9642570254224013,-18.658057345660932,11.670706106218525,35.99541835681305,39.24914304706216,0.7516590684699732
1D32,A_PA1_to_C1,2,-124.6997361978672,140.12576271513814,-65.53680832565904,-122.26,122.26,-51.8,3.4645702205738527,0.1082678193929329,0.9630936694200221,-18.57461297261253,11.783365565154481,36.19710920979726,39.48318154840007,0.7547650538951294
1D32,A_PA1_to_C1,3,-123.80814054759924,141.2216765912607,-65.93965723338754,-121.26,123.25,-51.8,3.4989535069739164,0.10934229709293489,0.9619456623837732,-18.488836900087687,11.900306717213523,36.39839368690068,39.718198881712965,0.7581465618917315
1D32,A_PA1_to_C1,4,-122.9126787053178,142.31487245796063,-66.3413259657362,-120.25,124.23,-51.8,3.5367353869802853,0.11052298084313392,0.9605779755071603,-18.39554897915923,12.028806841474276,36.599069111717014,39.95605318817652,0.762250864273854
1D32,A_PA1_to_C1,5,-122.01174866453802,143.40418686963125,-66.74131078089212,-119.24,125.21,-51.8,3.574952109104961,0.11171725340953004,0.9592517590721186,-18.302195769751464,12.158785909245168,36.798933421104,40.19377670954135,0.7664716848587471
1D32,A_PA1_to_C1,6,-121.10663104890662,144.49049807357036,-67.13999408581748,-118.22,126.17,-51.8,3.6117621466071763,0.11286756708147426,0.9583054677066637,-18.213217494577115,12.283980695536382,36.99778536864386,40.42947153447137,0.7704467188827852
1D32,A_PA1_to_C1,7,-120.19746436062516,145.57388656308214,-67.53741160967894,-117.19,127.13,-51.8,3.64993345852894,0.11406042057902938,0.957308561584372,-18.12190139583516,12.413805318459216,37.19542472728138,40.66561259016239,0.7747559347415772
1D32,A_PA1_to_C1,8,-119.2841803722571,146.65428488520172,-67.93353475243892,-116.15,128.08,-51.8,3.690569942101364,0.11533031069066763,0.9562190160102046,-18.02573152897665,12.552014247916837,37.39165249093558,40.90310873253865,0.7796331565314827
1D32,A_PA1_to_C1,9,-118.36592519347504,147.73104304627157,-68.32808255362077,-115.1,129.02,-51.8,3.733784051043253,0.11668075159510166,0.9550344246418033,-17.924616409627067,12.698989950764721,37.58627107488197,41.14194089547028,0.7851106868866273
1D32,A_PA1_to_C1,10,-117.44257785267718,148.80403214082943,-68.72100263076132,-114.05,129.95,-51.8,3.775420382819585,0.11798188696311203,0.9541466558897155,-17.828294011657174,12.840599468504937,37.779084514703634,41.37806121571824,0.7903741629629166
1D32,A_PA1_to_C1,11,-116.514922269347,149.87380453703935,-69.1125338929097,-112.99,130.88,-51.8,3.8174442282356402,0.11929513213236376,0.9533128518291972,-17.73214631792077,12.983526960651107,37.96989866361077,41.61323090140343,0.795839963587765
1D32,A_PA1_to_C1,12,-115.58288695538624,150.94028445626716,-69.50264433810658,-111.92,131.79,-51.8,3.8601882829239083,0.12063088384137213,0.9526149145315809,-17.635430571986788,13.128903959834973,38.15852138793006,41.84768066258104,0.8015971031684549
1D32,A_PA1_to_C1,13,-114.646399475931,152.00339379708413,-69.8913011714731,-110.84,132.7,-51.8,3.906736628746817,0.12208551964833803,0.951675416341635,-17.53131764697507,13.287219750932927,38.344762760566944,42.084263400253654,0.8082735000801384
1D32,A_PA1_to_C1,14,-113.7043365345142,153.06224053959426,-70.27812111471913,-109.76,133.6,-51.8,3.9538160358689782,0.12355675112090557,0.950824090535476,-17.427271165330595,13.447341737035803,38.52843525224621,42.31983150530544,0.815251168996092
1D32,A_PA1_to_C1,15,-112.75724424129103,154.11719913348915,-70.66326812092449,-108.67,134.48,-51.8,3.9996454901815586,0.1249889215681737,0.9533721056106879,-17.327170350908112,13.60321250294201,38.70935392033799,42.5526711259986,0.82221808269456
1D32,A_PA1_to_C1,16,-111.80550111618676,155.16853095706625,-71.04685566781224,-107.57,135.36,-51.8,4.046603675370697,0.1264563648553343,0.9560586586413533,-17.225786902176058,13.762922200576078,38.88733659507932,42.785029944963824,0.8296728214765626
1D32,A_PA1_to_C1,17,-110.849031768006,156.216148479111,-71.42884697464699,-106.46,136.24,-51.8,4.095654910155284,0.12798921594235263,0.9587836397541158,-17.121133196649563,13.929750578727198,39.06220406300368,43.01784158237601,0.837837428643961
1D32,A_PA1_to_C1,18,-109.88775968148192,157.25996132776058,-71.80920414042144,-105.35,137.1,-51.8,4.144979293166999,0.12953060291146873,0.961255310254623,-17.017153028824218,14.097507962558337,39.23378024739376,43.24943084642838,0.8464048277902031
1D32,A_PA1_to_C1,19,-108.92107988638196,158.2994494986132,-72.1877053882543,-104.23,137.95,-51.8,4.19761776056462,0.13117555501764439,0.9638271702680267,-16.90754256026168,14.27653689389658,39.40189238557578,43.48275482487293,0.8559994046891566
1D32,A_PA1_to_C1,20,-107.9486474368608,159.33428339378025,-72.56421201203561,-103.1,138.79,-51.8,4.2506481549055195,0.13283275484079748,0.9662005842494726,-16.79849717576718,14.456898809747607,39.566371202876816,43.715156745084975,0.8661163760337587
1D32,A_PA1_to_C1,21,-106.97120712934904,160.36502322437607,-72.93896483167389,-101.97,139.63,-51.8,4.302377384383792,0.1344492932619935,0.9682943785295963,-16.693430295079146,14.632835327854977,39.72705108307014,43.94517838728489,0.8764980587173468
1D32,A_PA1_to_C1,22,-105.9886806011947,161.39156820008367,-73.3119223265337,-100.83,140.45,-51.8,4.355076129332777,0.13609612904164928,0.970241727839426,-16.58768531232144,14.812069269447845,39.883770235136645,44.17515201565819,0.8876369399201076
1D32,A_PA1_to_C1,23,-105.00098799462336,162.4138139103925,-73.68304140133728,-99.68,141.27,-51.8,4.410297450664027,0.13782179533325084,0.9722351976810676,-16.478242709761897,14.999882757069754,40.036370856174706,44.4067704175303,0.8998897163740133
1D32,A_PA1_to_C1,24,-104.0080483892786,163.43165260561457,-74.05227738223644,-98.53,142.08,-51.8,4.4663100110526965,0.13957218784539677,0.974108824434122,-16.36862304312722,15.19038733145551,40.184699290294354,44.63865915032809,0.9130083616298326
1D32,A_PA1_to_C1,25,-103.00947648346532,164.44471236433247,-74.41947317795704,-97.37,142.87,-51.8,4.525745552548009,0.14142954851712528,0.9760006411727448,-16.25379766893985,15.392533822481507,40.32860618333567,44.873620089340314,0.927557887597114
1D32,A_PA1_to_C1,26,-102.00468577891398,165.4524307713405,-74.78439012090907,-96.21,143.66,-51.8,4.585154874524619,0.14328608982889435,0.9777516615393068,-16.140520143380368,15.594591138182967,40.46794663325585,45.10874500773484,0.9429915189617672
1D32,A_PA1_to_C1,27,-100.994437870225,166.45540656397864,-75.14728615286857,-95.03,144.44,-51.8,4.646358020808235,0.14519868815025735,0.979430046997255,-16.025346916820748,15.802749437909396,40.60258033603319,45.34616482432938,0.9597385589472123
1D32,A_PA1_to_C1,28,-99.97865204218024,167.45352101051787,-75.50811248064947,-93.86,145.21,-51.8,4.705709923650286,0.14705343511407143,0.9808682893698565,-15.915097290250717,16.004611465130647,40.732371726941416,45.58288799050427,0.9772427749586139
1D32,A_PA1_to_C1,29,-98.95724657977786,168.4466515454952,-75.86681827461119,-92.67,145.97,-51.8,4.769454931424725,0.14904546660702267,0.9823779984459386,-15.798225348811961,16.221414901556717,40.85719011705183,45.82534084622125,0.9967441687130305
1D32,A_PA1_to_C1,30,-97.93013914227564,169.4346716568485,-76.22335155664793,-91.48,146.72,-51.8,4.833558412538823,0.1510487003918382,0.9837644384634304,-15.68226090869717,16.439437543291852,40.97690982482598,46.070272910758085,1.0176316181090936
1D32,A_PA1_to_C1,31,-96.89724697053715,170.41745089425962,-76.57765923268899,-90.28,147.46,-51.8,4.9002550419860285,0.1531329700620634,0.9851238480771164,-15.563226651044577,16.666279753639632,41.09141030266635,46.32042692813632,1.0404301315479776
1D32,A_PA1_to_C1,32,-95.85848647488528,171.3948547881875,-76.9296856030413,-89.08,148.19,-51.8,4.969347272861811,0.1552921022769316,0.9864450724900635,-15.441613382974884,16.901269654922842,41.200576258297545,46.57630078751191,1.0652340470687391
1D32,A_PA1_to_C1,33,-94.81326018775638,172.36626166812076,-77.2791700240405,-87.87,148.91,-51.8,5.042494914505668,0.15757796607830213,0.987773803054068,-15.314690957319916,17.15005243224976,41.30429777085584,46.840209566609545,1.0924717301087417
1D32,A_PA1_to_C1,34,-93.76170417127643,173.33171905220786,-77.62613400929244,-86.65,149.62,-51.8,5.116755569513106,0.15989861154728457,0.9889971353100822,-15.187706915874982,17.402620684399523,41.4024704015702,47.11016923699612,1.1217681803934147
1D32,A_PA1_to_C1,35,-92.7040723383632,174.29139429579996,-77.97065069942045,-85.43,150.32,-51.8,5.190638823682562,0.16220746324008006,0.9900834915311341,-15.063184120185532,17.65390535683942,41.494995298923214,47.38562836949233,1.1530184870663813
1D32,A_PA1_to_C1,36,-91.64028159188727,175.24513757738708,-78.31266006500847,-84.20999999999998,151.01,-51.8,5.26547684391437,0.16454615137232406,0.9910847078612172,-14.938846191001575,17.908437288484826,41.58177929818626,47.6687645069019,1.1866165380367706
1D32,A_PA1_to_C1,37,-90.57025047081125,176.19279682622724,-78.652099442385,-82.98,151.69,-51.8,5.343849654653499,0.16699530170792184,0.9920639247502903,-14.81051571350048,18.17499141223264,41.66273501522845,47.96299100974809,1.2231696345929997
1D32,A_PA1_to_C1,38,-89.49389790372966,177.13421557530071,-78.9889050592017,-81.73999999999998,152.36,-51.8,5.4260230530406925,0.16956322040752164,0.9930161046393784,-14.677967643539295,18.454471731949464,41.737780934505025,48.26958134799549,1.262883536545142
1D32,A_PA1_to_C1,39,-88.4111426719469,178.0692323141224,-79.32301148830727,-80.5,153.02,-51.8,5.509667291752049,0.17217710286725152,0.9938889081487007,-14.545092850654102,18.738954533395383,41.80684149113666,48.58739888737171,1.3055258406460648
1D32,A_PA1_to_C1,40,-87.32190406766502,178.99768111829334,-79.65435128222146,-79.25,153.67,-51.8,5.597593240950242,0.17492478877969506,0.9947317321253921,-14.407573605117944,19.037999879889732,41.86984714699683,48.92021705285452,1.3517399970070425
1D32,A_PA1_to_C1,41,-86.2261025357334,179.91939200172868,-79.98285537263546,-77.98999999999998,154.31,-51.8,5.690142448649441,0.17781695152029503,0.9955384499620634,-14.265137559400106,19.352769411939928,41.926734460730856,49.269508071328225,1.4017437638989525
1D32,A_PA1_to_C1,42,-85.12365930706834,180.83419046085237,-80.30845245386091,-76.73999999999998,154.94,-51.8,5.78201944603814,0.18068810768869187,0.9962320636700979,-14.12600937601129,19.665252686439832,41.97744615163593,49.631436792772824,1.4548166937801144
1D32,A_PA1_to_C1,43,-84.01449627720152,181.7418966549487,-80.63107011321773,-75.47,155.56,-51.8,5.881909372262193,0.18380966788319353,0.9969232560213471,-13.977233761732247,20.004988769716384,42.02193115733795,50.015427647934075,1.5125595914900378
1D32,A_PA1_to_C1,44,-82.89853717976428,182.64232658248503,-80.95063473369008,-74.2,156.17,-51.8,5.98450061626469,0.18701564425827155,0.9975378634076864,-13.827042014313392,20.353912317199036,42.06014468520702,50.4176653172778,1.5742393738572487
1D32,A_PA1_to_C1,45,-81.77570602721802,183.53529052099293,-81.26706971245501,-72.93,156.77,-51.8,6.090709283024961,0.19033466509453004,0.9980853004729536,-13.674242923235484,20.71513909770766,42.092048257459794,50.84023405874684,1.640149633227981
1D32,A_PA1_to_C1,46,-80.64582348921154,184.42047698396848,-81.58024546867004,-71.65,157.35,-51.8,6.203036893916492,0.19384490293489037,0.9985747142601346,-13.515513050384289,21.09717704698499,42.11760974990336,51.28671090116319,1.7108226347763789
1D32,A_PA1_to_C1,47,-79.50878396989144,185.297642211527,-81.89006653611777,-70.37,157.93,-51.8,6.3192982728183384,0.19747807102557308,0.9989955913366431,-13.354223241449784,21.492594152568284,42.136803424281595,51.756214576369075,1.7860183720162424
1D32,A_PA1_to_C1,48,-78.36470409990349,186.16679159789868,-82.19653532246785,-69.08,158.5,-51.8,6.441645896123213,0.20130143425385041,0.9993496612869889,-13.18766338452143,21.908711211725585,42.149609954191355,52.25193683780237,1.8661766622955853
1D32,A_PA1_to_C1,49,-77.21351525637408,187.0277172845943,-82.49957047786444,-67.79,159.06,-51.8,6.5684918741440566,0.20526537106700177,0.9996264318159974,-13.018286995380384,22.34012764560626,42.1560164445426,52.773479482613325,1.9511232789950554
1D32,A_PA1_to_C1,50,-76.05515221567958,187.88020837156645,-82.79908752134475,-66.49,159.6,-51.8,6.702517939119789,0.20945368559749342,0.9998292466587144,-12.842840634369177,22.795964305948687,42.1560164445426,53.324423384325456,2.0413320543168134
1D32,A_PA1_to_C1,51,-74.88955223574898,188.72404937384064,-83.0949989297513,-65.19,160.14,-51.8,6.843532945264847,0.21386040453952646,0.9999559612156179,-12.661993088621506,23.27557108595053,42.149609954191355,53.90554966593759,2.1367983748031874
1D32,A_PA1_to_C1,52,-73.71665496632944,189.559018973578,-83.38721635930006,-63.89,160.66,-51.8,6.98925992566968,0.2184143726771775,0.9999998731050872,-12.478976497441971,23.771203783079653,42.136803424281595,54.515568319058026,2.237179155586938
1D32,A_PA1_to_C1,53,-72.53640296667295,190.384890624968,-83.67564995326215,-62.58,161.18,-51.8,7.147333842015019,0.22335418256296935,0.999959553564657,-12.284718977749352,24.30882970030071,42.11760974990336,55.162461158684785,2.343598368749053
1D32,A_PA1_to_C1,54,-71.34874150332857,191.201432346799,-83.96020704576206,-61.26,161.68,-51.8,7.315979673323562,0.2286243647913613,0.9998259865554031,-12.082150531768027,24.882411805679077,42.092048257459794,55.84516953678279,2.455711081775255
1D32,A_PA1_to_C1,55,-70.15362113228008,192.0084093828919,-84.24079431973101,-59.94,162.18,-51.8,7.495237788655063,0.23422618089547073,0.9995915598624349,-11.871892024565195,25.492087398607836,42.06014468520702,56.56420556581936,2.5734185921429535
1D32,A_PA1_to_C1,56,-68.95099439080366,192.80558006060815,-84.51731481171478,-58.62,162.66,-51.8,7.682896904912507,0.24009052827851585,0.9992647091208583,-11.657100224543036,26.130335674068977,42.02193115733795,57.3177838710317,2.696267671852097
1D32,A_PA1_to_C1,57,-67.7408184239931,193.5926979010977,-84.78967186808131,-57.3,163.13,-51.8,7.88176322851239,0.24630510089101218,0.9988386458601803,-11.43513264833552,26.80670083349346,41.97744615163593,58.108687324186214,2.8245010328805877
1D32,A_PA1_to_C1,58,-66.52304882046394,194.36950405264457,-85.05776186945315,-55.97,163.59,-51.8,8.102655050469286,0.2532079703271652,0.9982741558878174,-11.195053328280489,27.557977015749625,41.926734460730856,58.94708602893684,2.95942606554491
1D32,A_PA1_to_C1,59,-65.29736445794792,195.13533624133385,-85.32131526549605,-54.63,164.04,-51.8,8.345000345741358,0.26078126080441744,0.9975662998465287,-10.939073154892576,28.38221870386098,41.86984714699683,59.83215062553153,3.1006647622212933
1D32,A_PA1_to_C1,60,-64.06398870106675,195.89027226448488,-85.58037062872329,-53.3,164.48,-51.8,8.595342572935456,0.268604455404233,0.9967754523992591,-10.682336525955087,29.233658793574158,41.80684149113666,60.75062305292879,3.246067571146688
1D32,A_PA1_to_C1,61,-62.8228995497926,196.63404521676424,-85.83482177572114,-51.96,164.91,-51.8,8.871202409207243,0.27722507528772633,0.9958342827696268,-10.407950566855526,30.171886939804576,41.737780934505025,61.71833385751657,3.397696761858207
1D32,A_PA1_to_C1,62,-61.574080991881786,197.36638378280423,-86.08456237099055,-50.61,165.33,-51.8,9.17664521721096,0.2867701630378425,0.9947287846801341,-10.113921503931017,31.210729866001337,41.66273501522845,62.73811997970221,3.5556744786840877
1D32,A_PA1_to_C1,63,-60.3175221924691,198.0870113508912,-86.32948341654753,-49.26,165.73,-51.8,9.506618515126847,0.297081828597714,0.9935016686929733,-9.807079000251314,32.333003553223215,41.58177929818626,63.80392223151616,3.7188861603278944
1D32,A_PA1_to_C1,64,-59.05321894838989,198.7956474068054,-86.56947528206895,-47.91,166.13,-51.8,9.86994075397178,0.30843564856161815,0.992107377008921,-9.481309420069797,33.568700475409166,41.494995298923214,64.92254491731335,3.8879963159966087
1D32,A_PA1_to_C1,65,-57.78117418123128,199.4920086289987,-86.80442607520538,-46.56,166.51,-51.8,10.265850801324255,0.320807837541383,0.9925777426323703,-9.139701371970897,34.91523194161196,41.4024704015702,66.09144697887588,4.062380097448238
1D32,A_PA1_to_C1,66,-56.50139772720847,200.1758074461437,-87.03422398879702,-45.2,166.89,-51.8,10.714628912860395,0.33483215352688733,0.9949786026134442,-8.768057646708296,36.441573221828264,41.30429777085584,67.32773325878455,4.243975004752505
1D32,A_PA1_to_C1,67,-55.21390634241263,200.8467522123485,-87.25875552522025,-43.84,167.25,-51.8,11.20800740013633,0.3502502312542603,0.9969141497362332,-8.377032154609413,38.11960504321601,41.200576258297545,68.6212017219892,4.431100578450912
1D32,A_PA1_to_C1,68,-53.9187252008448,201.50454957328992,-87.47790625334092,-42.48,167.6,-51.8,11.755200984228054,0.3673500307571267,0.9983964653819369,-7.962999157812832,39.98066763561799,41.09141030266635,69.97793096824174,4.624201012050207
1D32,A_PA1_to_C1,69,-52.61588688166932,202.14890215357067,-87.69156066867265,-41.12,167.94,-51.8,12.362720660339411,0.3863350206356066,0.9994075193449439,-7.525319208438134,42.046905574492456,40.97690982482598,71.40117401526153,4.823322974106613
1D32,A_PA1_to_C1,70,-51.305433226217545,202.77951170494575,-87.89960339828632,-39.75,168.27,-51.8,13.072724513175665,0.4085226410367395,0.9999432159325706,-7.0402781508141565,44.46170291384382,40.85719011705183,72.92768091469196,5.032478156786567
1D32,A_PA1_to_C1,71,-49.98700076908163,203.3952860211952,-88.10159506690974,-38.38,168.59,-51.8,13.883581476771578,0.4338619211491118,0.9999008302497429,-6.517570068938942,47.219512227784996,40.732371726941416,74.55249833336049,5.250450063630927
1D32,A_PA1_to_C1,72,-48.66072424070704,203.99600512794527,-88.29745317406535,-37.0,168.89,-51.8,14.770975784785907,0.4615929932745596,0.9992531412275281,-5.979416611694116,50.237633052606434,40.60258033603319,76.24896915752815,5.473606846540759
1D32,A_PA1_to_C1,73,-47.32700018966312,204.58196768582224,-88.48730791743925,-35.63,169.19,-51.8,15.713222478756958,0.4910382024611549,0.9980398920955094,-5.442295143204371,53.442312577266236,40.46794663325585,77.99272261909682,5.698858252618813
1D32,A_PA1_to_C1,74,-45.985910393316935,205.15286772437383,-88.67104090949582,-34.25,169.47,-51.8,16.75233182737552,0.523510369605485,0.9962066294407699,-4.886094998020024,56.976432118048415,40.32860618333567,79.8195163835409,5.929917594337514
1D32,A_PA1_to_C1,75,-44.63754649554768,205.7083984412187,-88.84853507484068,-32.87,169.75,-51.8,17.878146414697287,0.5586920754592902,0.9983164653602651,-4.3211505420593745,60.8054452412977,40.184699290294354,81.7155585150487,6.1648806125975595
1D32,A_PA1_to_C1,76,-43.28201139690344,206.24825580764937,-89.01967349375997,-31.49,170.01,-51.8,19.06904723732613,0.5959077261664416,0.9997543620998838,-3.761020443632451,64.85582345604622,40.036370856174706,83.65607925246631,6.400856059721565
1D32,A_PA1_to_C1,77,-41.919417359232085,206.77213383026503,-89.18434026853464,-30.1,170.26,-51.8,20.389585854922107,0.6371745579663158,0.9998657002485644,-3.179432242009538,69.3471133660137,39.883770235136645,85.69780567804727,6.643469922487753
1D32,A_PA1_to_C1,78,-40.54939109286912,207.2785156165476,-89.34193078350054,-28.71,170.5,-51.8,21.785623216948466,0.6808007255296395,0.9983998351717418,-2.6042005705724454,74.09518239970926,39.727051083070144,87.78502369199539,6.886682037360167
1D32,A_PA1_to_C1,79,-39.17222385924912,207.7673671887726,-89.49243903545896,-27.33,170.73,-51.8,23.113998262508908,0.7223124457034034,0.999169828012915,-2.090098809164739,78.61312482053708,39.566371202876816,89.77770585380476,7.116845645506512
1D32,A_PA1_to_C1,80,-37.78842126078582,208.2392299301881,-89.63609218903564,-25.94,170.94,-51.8,24.39053077900474,0.7622040868438982,0.9999605584549537,-1.6231753071523722,82.95474537951814,39.40189238557578,91.68637002535776,7.335753965927905
1D32,A_PA1_to_C1,81,-36.398144323079634,208.69380836243155,-89.7727800705817,-24.54,171.15,-51.8,25.622456160566504,0.8007017550177032,0.9981932810962582,-1.19518516033779,87.14465240860133,39.23378024739377,93.51345961552472,7.544279383798635
1D32,A_PA1_to_C1,82,-35.001565987997985,209.13081320906835,-89.90239448340782,-23.15,171.34,-51.8,26.727314363663588,0.8352285738644871,0.9999995527288701,-0.8284938989058926,90.90239067796631,39.06220406300368,95.17658346209717,7.735467329597001
1D32,A_PA1_to_C1,83,-33.59882471196269,209.5498193112597,-90.02477205237446,-21.75,171.53,-51.8,27.76748368171993,0.8677338650537478,0.9992844151213837,-0.49686982875652475,94.44011528563358,38.88733659507932,96.73062340912678,7.915115750203967
1D32,A_PA1_to_C1,84,-32.18939736157059,209.9482143116595,-90.1388748450846,-20.36,171.7,-51.8,28.57206002127699,0.8928768756649059,0.999871091302454,-0.24876925956004814,97.17656354053555,38.70935392033799,98.00975132162006,8.069067289897534
1D32,A_PA1_to_C1,85,-30.77429878000518,210.328098954824,-90.24555516389712,-18.96,171.86,-51.8,29.10447071171611,0.9095147097411285,0.9997563505880436,-0.08840622111993046,98.9873479659704,38.52843525224621,98.97554210731911,8.194930353738803
1D32,A_PA1_to_C1,86,-29.353752174889728,210.6892116692296,-90.34471752312658,-17.56,172.01,-51.8,29.38778462212725,0.9183682694414765,0.9998273232246622,-0.004263368730596603,99.9509281977242,38.344762760566944,99.64629137485498,8.295101693630135
1D32,A_PA1_to_C1,87,-27.927991414838672,211.031298188544,-90.4362692640794,-16.16,172.14,-51.8,29.402212817865944,0.9188191505583108,0.999864209702047,0.0,100.0,38.15852138793006,100.0,8.368169244088486
1D32,A_PA1_to_C1,88,-26.49708986336301,211.3533998370832,-90.5198371965285,-14.76,172.27,-51.8,29.10020234750155,0.9093813233594235,0.9999590384204213,-0.08968015802638771,98.97283081298941,37.96989866361078,99.9886991752088,8.410229605970052
1D32,A_PA1_to_C1,89,-25.060970741497925,211.65367905566976,-90.594698687592,-13.36,172.38,-51.8,28.491220511959952,0.8903506409987485,0.9998368756036459,-0.2733792546214843,96.90161991701373,37.779084514703634,99.6187589853762,8.421793950305137
1D32,A_PA1_to_C1,90,-23.62047023416736,211.93414305010464,-90.6616657715752,-11.95,172.49,-51.8,27.633425677128407,0.8635445524102627,0.9998717580738208,-0.5389057923946978,93.98416999531834,37.58627107488197,98.94302960045407,8.407119251543465
1D32,A_PA1_to_C1,91,-22.17586800900967,212.19458342861975,-90.72066392626355,-10.55,172.58,-51.8,26.554206894272735,0.829818965446023,0.9996539442829305,-0.8849336412245413,90.31363407497463,37.39165249093558,97.98562854446419,8.367754479635636
1D32,A_PA1_to_C1,92,-20.727453063034623,212.43480425702376,-90.77162563826468,-9.14,172.66,-51.8,25.156529658548536,0.7861415518296417,0.9997492978707893,-1.3545857348074855,85.55998765937248,37.19542472728138,96.65328465898942,8.294541909090727
1D32,A_PA1_to_C1,93,-19.27509516286899,212.65187307593305,-90.81339786387645,-7.74,172.73,-51.8,23.585088336837366,0.7370340105261677,0.9990941136037976,-1.914850190776804,80.2153514190814,36.99778536864387,95.08204462464812,8.198455669996466
1D32,A_PA1_to_C1,94,-17.819519238473163,212.8477616926178,-90.84677561774735,-6.33,172.78,-51.8,22.01086343888462,0.6878394824651444,0.9992425334437971,-2.5148587485227027,74.86124794495042,36.798933421104,93.4332932337152,8.093328507389296
1D32,A_PA1_to_C1,95,-16.361134123678585,213.0228626326401,-90.87192424144814,-4.92,172.83,-51.8,20.42628621734535,0.6383214442920422,0.999956779105502,-3.1638120742948144,69.47193513589404,36.599069111717014,91.69981260670119,7.977968176114707
1D32,A_PA1_to_C1,96,-14.90026325715754,213.17704027493127,-90.8888001372905,-3.52,172.86,-51.8,18.79969628305401,0.5874905088454379,0.9982032117911097,-3.884583672830695,63.93973269804568,36.39839368690068,89.85203237147229,7.848913737343159
1D32,A_PA1_to_C1,97,-13.43703824777575,213.30785671798188,-90.89645133311062,-2.11,172.89,-51.8,17.187941443078063,0.5371231700961895,0.9981447025600507,-4.6631230263908146,58.457985967076574,36.19710920979726,87.944642197035,7.710709964477388
1D32,A_PA1_to_C1,98,-11.971971855513626,213.41633410235175,-90.89529536304708,-0.7,172.9,-51.8,15.786182465417067,0.49331820204428334,0.9997066155304757,-5.402057968785031,53.69045712037279,35.995418356813055,86.16374228915019,7.581546551764521
1D32,A_PA1_to_C1,99,-10.505520051148409,213.5035449776888,-90.88576482916936,0.7,172.9,-51.8,14.569943667582887,0.4553107396119652,0.9999381013045612,-6.098442882236874,49.55390180268886,35.793524213540394,84.48790832874442,7.459801949393199
1D32,A_PA1_to_C1,100,-9.03802752308437,213.56942533875437,-90.86784563242011,2.11,172.89,-51.8,13.413626448956384,0.419175826529887,0.998795176730322,-6.816676181679209,45.62114604110931,35.59163007026774,82.80038966688826,7.333690035964243
1D32,A_PA1_to_C1,101,-7.569807923952865,213.61171415695904,-90.84065939040936,3.52,172.86,-51.8,12.374555028964108,0.3867048446551284,0.996098490419393,-7.517008509318044,42.08715549955084,35.389939217283526,81.15803705318515,7.20903435194979
1D32,A_PA1_to_C1,102,-6.101304348598901,213.63124009584075,-90.8045463307863,4.92,172.83,-51.8,11.527911932621166,0.3602472478944114,0.9942041052656547,-8.132587334465752,39.20763380644722,35.188654740180105,79.63498759073894,7.094025052347846
1D32,A_PA1_to_C1,103,-4.63290635035838,213.62934326947368,-90.76004220259485,6.33,172.78,-51.8,10.806753717225096,0.33771105366328424,0.9963921982104176,-8.693695252349244,36.75489931376351,34.98797931536377,78.17115632823385,6.982553502014717
1D32,A_PA1_to_C1,104,-3.164963838314088,213.606033551836,-90.70716071871894,7.74,172.73,-51.8,10.142772304252997,0.31696163450790615,0.9981459321936974,-9.244466813259798,34.49662910435723,34.78811500597679,76.70548484548495,6.8679104451964825
1D32,A_PA1_to_C1,105,-1.697943285825935,213.55919295710223,-90.64508693655804,9.14,172.66,-51.8,9.55226337955597,0.2985082306111241,0.99934286310529,-9.765474564568512,32.48824650963562,34.58926305843693,75.25730653155213,6.7521472311271875
1D32,A_PA1_to_C1,106,-0.2322283949211495,213.48964013175785,-90.57415246751472,10.55,172.58,-51.8,9.052265322283667,0.2828832913213646,0.9999220081410287,-10.232454841881104,30.787700838568018,34.39162369979941,73.8469069695207,6.6375925926802894
1D32,A_PA1_to_C1,107,1.2318954371084,213.3988401321371,-90.494939805427,11.95,172.49,-51.8,8.626586931213765,0.26958084160043017,0.999948004440261,-10.650820272738788,29.339924122894285,34.19539593614522,72.46331957462792,6.523011774536226
1D32,A_PA1_to_C1,108,2.6940895608745743,213.2868762750944,-90.40749239818872,13.36,172.38,-51.8,8.222499067587716,0.2569530958621161,0.9994119354336154,-11.067523676928417,27.965579048497336,34.00077735219882,71.06115395716898,6.402868187097896
1D32,A_PA1_to_C1,109,4.153793231843601,213.15203258624496,-90.31115359116733,14.76,172.27,-51.8,7.848561331248375,0.2452675416015117,0.9982597107950344,-11.471799208211515,26.69377770940859,33.807963912377154,69.65318290840081,6.278439016646437
1D32,A_PA1_to_C1,110,5.610639042819751,212.9946945263486,-90.20608538842838,16.16,172.14,-51.8,7.524233629554592,0.235132300923581,0.9965878820556979,-11.838354894010656,25.59070528522456,33.61714976347002,68.26259199231885,6.152437717737157
1D32,A_PA1_to_C1,111,7.064485336711198,212.81660122945664,-90.09297442379186,17.56,172.01,-51.8,7.238260677873962,0.2261956461835613,0.9944633581832826,-12.17491594137196,24.6180813760919,33.428527039150744,66.88353595153139,6.024039686219745
1D32,A_PA1_to_C1,112,8.51502038884186,212.61790787921868,-89.97189010856013,18.96,171.86,-51.8,6.969098923984822,0.21778434137452568,0.991758211091948,-12.504067750545513,23.702634108376095,33.24228566651385,65.50044048632076,5.891066866631798
1D32,A_PA1_to_C1,113,9.961751170364485,212.3978116720477,-89.84253296538209,20.36,171.7,-51.8,6.70787718429429,0.20962116200919656,0.9883306399063946,-12.835898286410183,22.814191659133627,33.058613174834576,64.10970419627746,5.752782845875636
1D32,A_PA1_to_C1,114,11.404091829012076,212.15529861284764,-89.70452284322879,21.75,171.53,-51.8,6.475078688397115,0.20234620901240985,0.9844855486042755,-13.142699324077123,22.02241963388076,32.877694506742806,62.73545720408913,5.612234232668467
1D32,A_PA1_to_C1,115,12.842164013141216,211.89280589036773,-89.55881087418322,23.15,171.34,-51.8,6.268132475332475,0.19587913985413985,0.9803110510599302,-13.424837003196977,21.31857392557784,32.69971183200147,61.37990342051023,5.46964550626692
1D32,A_PA1_to_C1,116,14.27569473601576,211.61054562237044,-89.40548865092514,24.54,171.15,-51.8,6.077210595119128,0.18991283109747276,0.9814896725891722,-13.693514608565739,20.669228648757944,32.52484436407711,60.03824558350719,5.324255317544592
1D32,A_PA1_to_C1,117,15.704420609000886,211.30873996345576,-89.24465069119623,25.94,170.94,-51.8,5.886637575803979,0.18395742424387435,0.9834060820936106,-13.970254368857118,20.021069884328657,32.35326817968703,58.69998989820986,5.174397376786851
1D32,A_PA1_to_C1,118,17.127467061117866,210.9853888030928,-89.07554022675586,27.33,170.73,-51.8,5.7082631394241155,0.1783832231070036,0.9852187283286007,-14.237520634977832,19.41439977590921,32.18515604150502,57.380517837515086,5.0221768847104675
1D32,A_PA1_to_C1,119,18.54500242105926,210.64245975846785,-88.89892252982663,28.71,170.5,-51.8,5.552547492621146,0.17351710914441082,0.9868086821414189,-14.477754697288734,18.884794579975285,32.02067722420397,56.09368430336076,4.869669062409218
1D32,A_PA1_to_C1,120,19.95695951902884,210.28081088695933,-88.71513602499982,30.1,170.26,-51.8,5.406352085567158,0.16894850267397368,0.988311139986083,-14.709513825826185,18.387568714835112,31.859997344010647,54.83076803890392,4.715571880424677
1D32,A_PA1_to_C1,121,21.36312255140996,209.9007043348374,-88.52429015015632,31.49,170.01,-51.8,5.26851953823093,0.16464123556971658,0.9897275325323291,-14.933828435761827,17.91878580999036,31.703278191944147,53.59414285615232,4.56026315900248
1D32,A_PA1_to_C1,122,22.763287163308185,209.50241116711732,-88.32649553713337,32.87,169.75,-51.8,5.133792907048086,0.1604310283452527,0.9911097471833886,-15.15883342287798,17.460566450728468,31.550677570906082,52.382037446523924,4.403473925234172
1D32,A_PA1_to_C1,123,24.15657910066909,209.08432508444196,-88.12115160875746,34.25,169.47,-51.8,5.005321774294824,0.15641630544671326,0.9924173240151994,-15.378960295923838,17.023622695681574,31.40234913678644,51.200365889811664,4.246218534146377
1D32,A_PA1_to_C1,124,25.543293466436644,208.6482072407228,-87.90893755362836,35.63,169.19,-51.8,4.889682261383374,0.15280257066823044,0.9935540242180396,-15.581987555908235,16.630320621352045,31.258442243745122,50.058004810326985,4.090124088599294
1D32,A_PA1_to_C1,125,26.92344255045924,208.19485717158383,-87.69016649807516,37.0,168.89,-51.8,4.782999898141577,0.1494687468169243,0.9945724448456726,-15.77359290259742,16.26748274958148,31.119101793824942,48.95364949596368,3.935160415439995
1D32,A_PA1_to_C1,126,28.296872416348656,207.724568192602,-87.46495907252391,38.38,168.59,-51.8,4.6801110771018735,0.14625347115943355,0.9955182812371481,-15.962477121443637,15.917547111481534,30.984468091047596,47.88448710946129,3.781015900369452
1D32,A_PA1_to_C1,127,29.663439688942976,207.23763640733537,-87.2334345109946,39.75,168.27,-51.8,4.5836346839486275,0.1432385838733946,0.9963652938092801,-16.143400394390312,15.589420811087493,30.854676700139372,46.85478775203758,3.6286594946450244
1D32,A_PA1_to_C1,128,31.023012683729167,206.73436170913817,-86.99571479085466,41.12,167.94,-51.8,4.48754789437945,0.1402358716993578,0.997165939627995,-16.327418400700186,15.262619593218641,30.729858310028963,45.86035756863344,3.477537575046826
1D32,A_PA1_to_C1,129,32.37470356525212,206.2133764793259,-86.75128976688967,42.48,167.6,-51.8,4.397029425242942,0.13740716953884194,0.9978599204375586,-16.504412895864412,14.95475681534804,30.61013860225481,44.90733407822077,3.329039557512975
1D32,A_PA1_to_C1,130,33.719101063085496,205.67660809481976,-86.50089817554122,43.84,167.25,-51.8,4.31470825166064,0.134834632864395,0.9984273889245641,-16.66857162941464,14.674773896741723,30.49563812441444,43.99917484642633,3.184136128524831
1D32,A_PA1_to_C1,131,35.05617762104751,205.12451340531013,-86.24471920298933,45.2,166.89,-51.8,4.236303659530357,0.13238448936032365,0.9989069957241264,-16.827858676836286,14.40811168115963,30.386472168783246,43.13254029923272,3.042495095854241
1D32,A_PA1_to_C1,132,36.38584781708681,204.55739637263824,-85.98287507018212,46.56,166.51,-51.8,4.161281357106834,0.13004004240958855,0.9993025397609127,-16.983058719477818,14.15295298651221,30.282750656224948,42.307396164145636,2.904419531451865
1D32,A_PA1_to_C1,133,37.70803641502904,203.97556182960767,-85.71548684828234,47.91,166.13,-51.8,4.090345390446022,0.1278232934514382,0.9996045934127848,-17.132400703856856,13.91169234704868,30.18457802551059,41.52465286495739,2.77041803344476
1D32,A_PA1_to_C1,134,39.02267691114972,203.37931197772247,-85.44267500237241,49.26,165.73,-51.8,4.022303797612309,0.12569699367538464,0.9998230700565123,-17.27810295493018,13.68027577559808,30.092053128157577,40.7832131068794,2.640592375842778
1D32,A_PA1_to_C1,135,40.32971261578653,202.76894899163807,-85.16455939825487,50.61,165.33,-51.8,3.9566818971944793,0.12364630928732748,0.9999552802088937,-17.420977615546246,13.457088831049624,30.00526912889453,40.082462488412496,2.5151373665407335
1D32,A_PA1_to_C1,136,41.62902929258818,202.1446564938012,-84.8812160005424,51.96,164.91,-51.8,3.8918704036606866,0.12162095011439646,0.999999949449972,-17.564432931872812,13.236658165047471,29.924313411852342,39.420532908282574,2.3939659268208136
1D32,A_PA1_to_C1,137,42.92008254787703,201.5058761804476,-84.59244212770967,53.3,164.48,-51.8,3.830760440352398,0.11971126376101243,0.9999509887740877,-17.701900457426998,13.02881679036306,29.849267492575766,38.799655303882815,2.277883788458887
1D32,A_PA1_to_C1,138,44.20344095580125,200.8539741852588,-84.29875593198065,54.63,164.04,-51.8,3.774560476726065,0.11795501489768953,0.9998196427531215,-17.83027257282141,12.837674837971697,29.780206935944136,38.220322622341705,2.1673327485070644
1D32,A_PA1_to_C1,139,45.479083879422326,200.1892406876478,-84.00027201496113,55.97,163.59,-51.8,3.7195156913010337,0.1162348653531573,0.9995987416678225,-17.957872431448013,12.650461767424897,29.717201280083955,37.67820087368429,2.061645026204147
1D32,A_PA1_to_C1,140,46.74699928704412,199.5119648380151,-83.69710381974916,57.3,163.13,-51.8,3.6671855731441982,0.1145995491607562,0.9992954117985875,-18.080942586609673,12.47248156409463,29.66031396634994,37.173877495041694,1.9612423901511522
1D32,A_PA1_to_C1,141,48.007181537454464,198.82243129729403,-83.3893624432826,58.62,162.66,-51.8,3.617389419872262,0.11304341937100819,0.9989130988016944,-18.199695054504737,12.30311964028161,29.609602275444864,36.70619840837071,1.86613667823629
1D32,A_PA1_to_C1,142,49.25963216287593,198.12092114404783,-83.07715879174981,59.94,162.18,-51.8,3.5692214225077863,0.11153816945336832,0.9984445199799579,-18.316130515818074,12.13929524494492,29.565117269742835,36.27324513840858,1.7761360988551422
1D32,A_PA1_to_C1,143,50.504359087927725,197.4077115489707,-82.76060183738355,61.26,161.68,-51.8,3.522618680631997,0.1100818337697499,0.9978849051705645,-18.4302876579851,11.980794447183632,29.526903741873767,35.87383472992079,1.6911978954815374
1D32,A_PA1_to_C1,144,51.74137630049833,196.68307631020824,-82.4397969481123,62.58,161.18,-51.8,3.4774635651842747,0.10867073641200858,0.9972368640005114,-18.54234856694162,11.82721717826364,29.495000169620994,35.50668421517905,1.6112342937293642
1D32,A_PA1_to_C1,145,52.97070413149112,195.9472847727104,-82.11485016116147,63.89,160.66,-51.8,3.4344005349440616,0.10732501671700193,0.996508641524465,-18.650581472716063,11.680755309876488,29.46943867717743,35.17119746418105,1.536305824488229
1D32,A_PA1_to_C1,146,54.19236807897806,195.20060217646076,-81.78586373787523,65.19,160.14,-51.8,3.3932619653749905,0.10603943641796845,0.9957095758417644,-18.755252551384697,11.540838733447677,29.450245002799196,34.865987122951466,1.4662610659802016
1D32,A_PA1_to_C1,147,55.40639861693578,194.44328844032668,-81.45293907592712,66.49,159.6,-51.8,3.353333675913987,0.1047916773723121,0.9948157035648613,-18.85806492769659,11.40503844620963,29.437438472889433,34.589137406060544,1.400794296629496
1D32,A_PA1_to_C1,148,56.61283103800743,193.6755986866025,-81.11617586847466,67.79,159.06,-51.8,3.3145283335158022,0.10357901042236882,0.9938319316062708,-18.95916561825882,11.273057419344179,29.431031982538187,34.33932542143452,1.3397253751403995
1D32,A_PA1_to_C1,149,57.811705742301854,192.89778461982107,-80.77567078527012,69.08,158.5,-51.8,3.2774287217012565,0.10241964755316427,0.9927709830173508,-19.056935228558174,11.146877760539715,29.431031982538187,34.11587133163781,1.2830195427467352
1D32,A_PA1_to_C1,150,59.0030673546265,192.1100930008785,-80.431518605454,70.37,157.93,-51.8,3.2413417078063436,0.10129192836894824,0.991613978321457,-19.15310398475439,11.024142053134097,29.437438472889433,33.916903856821136,1.230323671434376
1D32,A_PA1_to_C1,151,60.18696445293098,191.3127651870468,-80.0838131635974,71.65,157.35,-51.8,3.2067881132445675,0.10021212853889273,0.9903855298846528,-19.2461950329,10.906621665210166,29.450245002799196,33.74172482752431,1.1815673438493897
1D32,A_PA1_to_C1,152,61.363448392895926,190.5060368241799,-79.73264497029759,72.93,156.77,-51.8,3.1731211818629563,0.09916003693321739,0.9890642407606225,-19.337867171595637,10.792116911468796,29.46943867717743,33.58856022277575,1.1363904902212214
1D32,A_PA1_to_C1,153,62.53257525076112,189.69013986366625,-79.37810395588245,74.2,156.17,-51.8,3.140871866273329,0.09815224582104153,0.9876680609122617,-19.426595945873267,10.68243361725758,29.495000169620994,33.456785786047384,1.094716253803366
1D32,A_PA1_to_C1,154,63.69440350185478,188.86530081635576,-79.02027652704841,75.47,155.56,-51.8,3.109433770408544,0.097169805325267,0.9861714821117856,-19.513974115785736,10.575509366149236,29.526903741873767,33.34473906199957,1.0561882993000022
1D32,A_PA1_to_C1,155,64.8489950311793,188.0317417660356,-78.65924735945033,76.73999999999998,154.94,-51.8,3.0787821864000824,0.09621194332500257,0.9845715786596481,-19.600021033066206,10.471260124099548,29.565117269742835,33.251350219255905,1.0205935838125784
1D32,A_PA1_to_C1,156,65.99641377848022,187.18967854614155,-78.29510006010506,77.98999999999998,154.31,-51.8,3.0498624966171914,0.09530820301928723,0.9829395038628228,-19.68199514357969,10.372901235392645,29.609602275444864,33.17651214440208,0.9879630546193517
1D32,A_PA1_to_C1,157,67.13672726207854,186.3393236804872,-77.92791593936606,79.25,153.67,-51.8,3.0211589871717495,0.09441121834911717,0.9811670317360963,-19.76412872642216,10.27527759861657,29.660313966349932,33.11783321661763,0.9577234156594662
1D32,A_PA1_to_C1,158,68.27000362544098,185.4808832655693,-77.55777279708339,80.5,153.02,-51.8,2.993608747281195,0.09355027335253735,0.9793272821891529,-19.84369955186373,10.181576352179047,29.717201280083955,33.07529092377891,0.9299153402334969
1D32,A_PA1_to_C1,159,69.3963146922312,184.6145597302445,-77.1847486605872,81.73999999999998,152.36,-51.8,2.967156046721743,0.09272362646005447,0.977423178557631,-19.920792594111177,10.091607951761992,29.780206935944133,33.04796967806067,0.9043414451365062
1D32,A_PA1_to_C1,160,70.51573242914215,183.74054930316348,-76.80891769989609,82.98,151.69,-51.8,2.9413192292294355,0.09191622591341986,0.9754135653372025,-19.996757090966277,10.003734234051166,29.849267492575766,33.03459733404574,0.8807067909885459
1D32,A_PA1_to_C1,161,71.62833176385743,182.8590444248774,-76.43035371243633,84.20999999999998,151.01,-51.8,2.9165058929923373,0.09114080915601054,0.973342288780344,-20.070343169311844,9.919341483101412,29.924313411852342,33.03478975304703,0.858947049059104
1D32,A_PA1_to_C1,162,72.73418891237762,181.9702330772119,-76.04912746341594,85.43,150.32,-51.8,2.8926690128315853,0.09039590665098704,0.971212462168423,-20.141625468701037,9.838269761362605,30.005269128894525,33.04777724553175,0.8388945638954808
1D32,A_PA1_to_C1,163,73.83338034769403,181.07429724503453,-75.66530789168684,86.65,149.62,-51.8,2.869373754672577,0.08966792983351803,0.9689784730208985,-20.211857902594147,9.759040152682088,30.092053128157577,33.07246638912878,0.8202952771820272
1D32,A_PA1_to_C1,164,74.92598411421237,180.1714145158533,-75.27896292817486,87.87,148.91,-51.8,2.8466168347842573,0.08895677608700804,0.9666393373326987,-20.281020066502315,9.681641488747204,30.184578025510582,33.108214118150585,0.8030129266866199
1D32,A_PA1_to_C1,165,76.01207975140402,179.2617589762031,-74.89015774945686,89.08,148.19,-51.8,2.8247645271712947,0.08827389147410296,0.9642464544449735,-20.34795531894407,9.60731950574433,30.282750656224945,33.154767090959844,0.7870132146676184
1D32,A_PA1_to_C1,166,77.09174762221413,178.34549973922313,-74.49895691208107,90.28,147.46,-51.8,2.803780406992785,0.08761813771852453,0.9618039009462701,-20.412720404275966,9.535950318981085,30.386472168783246,33.21152838183104,0.772171603218355
1D32,A_PA1_to_C1,167,78.16506757020038,177.42280052578397,-74.10542222749868,91.48,146.72,-51.8,2.7832841417633043,0.08697762943010326,0.9592613433242757,-20.476449432235626,9.466240377908125,30.49563812441444,33.277610932125626,0.7582882880178387
1D32,A_PA1_to_C1,168,79.23212000205737,176.49382133220942,-73.70961251769542,92.67,145.97,-51.8,2.7631329479861857,0.0863479046245683,0.9566013092763925,-20.539564705587164,9.397704060924275,30.61013860225481,33.352385812795745,0.7452321977216454
1D32,A_PA1_to_C1,169,80.2922457066076,175.5579947426321,-73.31132774143597,93.86,145.21,-51.8,2.7434362815793634,0.0857323837993551,0.9538357887705112,-20.601702778554678,9.330713639050812,30.729858310028963,33.43549381094624,0.7329436780145182
1D32,A_PA1_to_C1,170,81.34621913040817,174.61616876514668,-72.91087417856407,95.03,144.44,-51.8,2.725307359816755,0.0851658549942736,0.9511642141129201,-20.659290554039487,9.269055280630955,30.854676700139372,33.527554681979495,0.7216175865401206
1D32,A_PA1_to_C1,171,82.39413102461414,173.66849982189953,-72.50831209760779,96.21,143.66,-51.8,2.7073263226888584,0.08460394758402683,0.9483489559441023,-20.71678821853127,9.207899893316124,30.98446809104759,33.626816006279874,0.7108340510618588
1D32,A_PA1_to_C1,172,83.43606417922192,172.71513292392234,-72.10369582975609,97.37,142.87,-51.8,2.690403156143428,0.08407509862948212,0.945568629996328,-20.77125305940628,9.15034243446001,31.11910179382494,33.73375539020109,0.7007527642936819
1D32,A_PA1_to_C1,173,84.4721014411665,171.75620943958634,-71.69707749993427,98.53,142.08,-51.8,2.6738847011131783,0.08355889690978682,0.9427136066436725,-20.824746807208218,9.094161441782438,31.25844224374511,33.847392224956444,0.6911576557177794
1D32,A_PA1_to_C1,174,85.50232556270262,170.791866357757,-71.28850885598135,99.68,141.27,-51.8,2.6581237459256983,0.08306636706017807,0.9398457904544782,-20.876096431809348,9.040556785272017,31.402349136786434,33.9677181407636,0.6820847054807693
1D32,A_PA1_to_C1,175,86.52681905914028,169.82223673745816,-70.87804031093589,100.83,140.45,-51.8,2.6428032544425584,0.08258760170132995,0.9369140225076876,-20.926303676214918,8.988450191873609,31.55067757090608,34.09410832395384,0.6734129246219458
1D32,A_PA1_to_C1,176,87.54566407425344,168.8474505459108,-70.46571908527208,101.97,139.63,-51.8,2.6279211026713227,0.08212253445847884,0.9339347244475498,-20.97535388739022,8.937834437666863,31.70327819194414,34.226252040681295,0.6651034512623167
1D32,A_PA1_to_C1,177,88.55844803780349,167.867192725398,-70.05143424762115,103.1,138.79,-51.8,2.613507544663987,0.0816721107707496,0.9309035402518148,-21.023125171956714,8.888812419845886,31.859997344010647,34.363883366616285,0.6571300216045692
1D32,A_PA1_to_C1,178,89.56514571001105,166.8815077296887,-69.63520370616975,104.23,137.95,-51.8,2.599710436183774,0.08124095113074294,0.9278750921959523,-21.06910078311419,8.84188701132075,32.02067722420398,34.506860249224886,0.6494986432278853
1D32,A_PA1_to_C1,179,90.56640539812672,165.89102646115222,-69.21725653762716,105.35,137.1,-51.8,2.5868425835641595,0.08083883073637999,0.9249351035100575,-21.11220030475576,8.798122099137695,32.18515604150502,34.65520783245475,0.6422577736769413
1D32,A_PA1_to_C1,180,91.56230890900198,164.8958659730496,-68.79763588335707,106.46,136.24,-51.8,2.574640371070821,0.08045751159596316,0.9220345944676115,-21.153268838524358,8.756621098621421,32.35326817968703,34.808415106649385,0.6353218362172983
1D32,A_PA1_to_C1,181,92.55293700046964,163.896139665199,-68.3763832599028,107.57,135.36,-51.8,2.5629307673597435,0.08009158647999198,0.9191292973311825,-21.19286284079431,8.716795512079301,32.52484436407711,34.96606520100314,0.6286307196272451
1D32,A_PA1_to_C1,182,93.5383696865723,162.89195751358884,-67.95353909558447,108.67,134.48,-51.8,2.551836674413342,0.07974489607541693,0.9162806168810936,-21.23054284059194,8.679063342003786,32.69971183200147,35.12802867637034,0.6221970638920231
1D32,A_PA1_to_C1,183,94.51868676017396,161.8834265470593,-67.52914318940918,109.76,133.6,-51.8,2.5409271348740394,0.07940397296481373,0.913375663394499,-21.267756112180834,8.641958857362164,32.8776945067428,35.29365787555782,0.6159063142563777
1D32,A_PA1_to_C1,184,95.49271186178296,160.8696074210233,-67.1028632821566,110.84,132.7,-51.8,2.5306935922649796,0.07908417475828061,0.9105496300976632,-21.302809026082517,8.60715350896049,33.058613174834576,35.463183801302435,0.6098618440769807
1D32,A_PA1_to_C1,185,96.46170388940378,159.85160660413624,-66.67509437547085,111.92,131.79,-51.8,2.521334025927513,0.07879168831023478,0.907881123601992,-21.33499264003769,8.57532064523882,33.242285666513844,35.63656406762196,0.6040989441016597
1D32,A_PA1_to_C1,186,97.42578646563032,158.82956069145675,-66.24588697364936,112.99,130.88,-51.8,2.5125829239550397,0.07851821637359499,0.9053148866557614,-21.365192257263452,8.545557232441686,33.42852703915074,35.813321199225044,0.5985471418906286
1D32,A_PA1_to_C1,187,98.38503709192018,157.8035656055637,-65.81527629218839,114.05,129.95,-51.8,2.50452516885517,0.07826641152672406,0.9028802937896387,-21.393092326550423,8.518151964852528,33.61714976347002,35.99331263891333,0.5932185958872156
1D32,A_PA1_to_C1,188,99.33953257020568,156.7737146908155,-65.3832963626497,115.1,129.02,-51.8,2.4968809883835936,0.0780275308869873,0.9005098577679722,-21.419643483390523,8.49215330781631,33.80796391237715,36.17605317344573,0.5880433444140829
1D32,A_PA1_to_C1,189,100.28870623937988,155.7395876756556,-64.94979971852082,116.15,128.08,-51.8,2.489517903378515,0.07779743448057859,0.8981593965210293,-21.445295257996438,8.46711068585214,34.00077735219882,36.36119921817644,0.5829870358570122
1D32,A_PA1_to_C1,190,101.23243476882728,154.7011333967404,-64.5147688375107,117.19,127.13,-51.8,2.482963940319514,0.07759262313498481,0.8960191031902465,-21.46819208681444,8.444819972225924,34.19539593614521,36.54903437268003,0.5781654145256342
1D32,A_PA1_to_C1,191,102.17160842977847,153.6590922034527,-64.07846897385889,118.22,126.17,-51.8,2.4772523508647244,0.07741413596452264,0.8941168379180607,-21.488195350654607,8.425394259303667,34.39162369979941,36.73937523537861,0.5735817294046746
1D32,A_PA1_to_C1,192,103.10630135656044,152.6135477256028,-63.64093019392647,119.24,125.21,-51.8,2.4721191788796357,0.07725372433998862,0.8923774387680794,-21.506212256871542,8.407935804673444,34.58926305843693,36.9317582194227,0.5691734891447122
1D32,A_PA1_to_C1,193,104.0365865316082,151.5645810663427,-63.20218148831107,120.25,124.23,-51.8,2.467517001364191,0.07710990629263097,0.8907869729139526,-21.522397261637714,8.392283317753657,34.788115005976785,37.12592579237752,0.5649279025281448
1D32,A_PA1_to_C1,194,104.96171515673508,150.511645489133,-62.76203108739684,121.26,123.25,-51.8,2.46323226664338,0.07697600833260562,0.8892804355042211,-21.537493037252453,8.377710486969276,34.98797931536377,37.3214640092342,0.5607962075693932
1D32,A_PA1_to_C1,195,105.88177918168331,149.45485205613636,-62.320520446667565,122.26,122.26,-51.8,2.4597593244352796,0.07686747888860249,0.8880459143311514,-21.549748023752016,8.365898647399195,35.188654740180105,37.51862998554114,0.55688614755574
1D32,A_PA1_to_C1,196,106.79762797996236,148.3948745970604,-61.877887560531605,123.25,121.26,-51.8,2.4570802686611932,0.07678375839566229,0.8870879548805529,-21.55921344748618,8.356786898597559,35.38993921728352,37.717196534751174,0.5531917609241574
1D32,A_PA1_to_C1,197,107.70933131348907,147.33178524017583,-61.43415856706641,124.23,120.25,-51.8,2.4550488003865576,0.07672027501207992,0.8863603823261889,-21.56639774985065,8.349877662591345,35.59163007026774,37.91681560322283,0.5496795537798375
1D32,A_PA1_to_C1,198,108.616958,146.265654,-60.989359,125.21,119.24,-51.8,2.4541117468128313,0.07669099208790098,0.8860412457911443,-21.56971365037863,8.346690645411615,35.7935242135404,38.117701445249374,0.54644486439443
1D32,B_PA2_to_C2,0,-111.344089,143.730347,-72.942256,-123.81,161.25,-51.8,4.225587263855068,0.1320496019954709,0.9606716346344036,-17.038188782081175,14.063407495926969,40.41790192521255,44.83946885215227,0.9017338752578762
1D32,B_PA2_to_C2,1,-110.38386537861794,143.92504987544245,-73.40755896180973,-122.74,162.07,-51.8,4.31845700571778,0.1349517814286806,0.9654211812613067,-16.84935827670082,14.37249235024502,40.6458799704418,45.16474795756235,0.9156612132092992
1D32,B_PA2_to_C2,2,-109.4218299609588,144.1185327097424,-73.86961573883003,-121.66,162.88,-51.8,4.415968152521842,0.13799900476630755,0.9698966706701374,-16.65541162667894,14.697024517556029,40.87362846110438,45.49468430709769,0.9303492570705716
1D32,B_PA2_to_C2,3,-108.45798450643372,144.31078641668583,-74.32840069786123,-120.57,163.68,-51.8,4.515673447633837,0.1411147952385574,0.9739057690708153,-16.461479714755487,15.028859149550447,41.10091807377561,45.82649462943712,0.9453023103280906
1D32,B_PA2_to_C2,4,-107.49233079569572,144.50179958697743,-74.78388860572728,-119.48,164.48,-51.8,4.617251743493398,0.14428911698416869,0.9774302108765682,-16.268259200449123,15.366927417512699,41.32751994708203,46.15962180469701,0.9604579544951888
1D32,B_PA2_to_C2,5,-106.5248704079047,144.69156262453677,-75.23605239698662,-118.39,165.27,-51.8,4.719411348719935,0.14748160464749796,0.9804830818576222,-16.078173628765107,15.706930372891993,41.553205912145444,46.49249546475241,0.9755664257290577
1D32,B_PA2_to_C2,6,-105.55560598576687,144.8800661623952,-75.684866540274,-117.29,166.06,-51.8,4.825343855496673,0.15079199548427102,0.9832659694571741,-15.88536494480897,16.05949012774774,41.77774872232961,46.82823851209781,0.9912557650046726
1D32,B_PA2_to_C2,7,-104.58453988214106,145.06729927392988,-76.1303048784166,-116.18,166.83,-51.8,4.93261001789489,0.15414406305921532,0.9857269628969306,-15.694394667223968,16.416488494633708,42.00092228205837,47.16408581098076,1.0070518769845715
1D32,B_PA2_to_C2,8,-103.61167478761368,145.25325172348178,-76.57234104120653,-115.07,167.6,-51.8,5.042016745891722,0.1575630233091163,0.9878843265023859,-15.503844604615242,16.780610994665047,42.222501874474666,47.500672253059214,1.0231158473988802
1D32,B_PA2_to_C2,9,-102.63701375124135,145.4379140468565,-77.01094843943008,-113.95,168.36,-51.8,5.1543784436607165,0.1610743263643974,0.9898184484930314,-15.312404238420466,17.15456809080082,42.44226438771144,47.83864494446023,1.039606462386859
1D32,B_PA2_to_C2,10,-101.6605600506468,145.62127561992435,-77.4461008038966,-112.83,169.12,-51.8,5.269084984549059,0.16465890576715808,0.9915047034720939,-15.121226213205954,17.536329187242895,42.65998853954635,48.17716562787738,1.0564102288190065
1D32,B_PA2_to_C2,11,-100.68231730915193,145.80332558276277,-77.877772044352,-111.7,169.86,-51.8,5.385672231729937,0.16830225724156053,0.9929899649501237,-14.93113189925751,17.924349564897383,42.87545510021415,48.515554557486404,1.0734451414252886
1D32,B_PA2_to_C2,12,-99.70228929415876,145.98405451638737,-78.30593509369717,-110.57,170.6,-51.8,5.504825027066675,0.1720257820958336,0.994276743681743,-14.741059893368945,18.32090848333055,43.0884471131526,48.854340662344946,1.0908462763934723
1D32,B_PA2_to_C2,13,-98.7204801590521,146.16345228221533,-78.73056335422048,-109.43,171.33,-51.8,5.627666693909891,0.1758645841846841,0.9954168339795777,-14.549362922592405,18.72974453626748,43.298750113459214,49.19451905742265,1.1088271834761148
1D32,B_PA2_to_C2,14,-97.73689414441262,146.34150742262747,-79.15163026818743,-108.29,172.06,-51.8,5.753374406751885,0.1797929502109964,0.9963908992528269,-14.357477537547112,19.14811923324748,43.5061523438393,49.53505708163702,1.1272398304251634
1D32,B_PA2_to_C2,15,-96.75153606554488,146.5182102967413,-79.56910911524014,-107.15,172.77,-51.8,5.8789741783991705,0.18371794307497408,0.9971966934823662,-14.169899225899288,19.56613468524874,43.71044496782762,49.87268083136673,1.1455497222179634
1D32,B_PA2_to_C2,16,-95.76441098545337,146.6935506411538,-79.98297329248382,-106.0,173.48,-51.8,6.01040444380153,0.18782513886879781,0.9979044580658598,-13.977856341081988,20.00355492159358,43.91142228006894,50.2134514818801,1.1648514026068866
1D32,B_PA2_to_C2,17,-94.7755246978455,146.8675188399196,-80.39319692783319,-104.84,174.18,-51.8,6.146527899534996,0.19207899686046861,0.9985059992654813,-13.783333134521747,20.456594820712123,44.108881913445956,50.55603899496577,1.184939817556455
1D32,B_PA2_to_C2,18,-93.78488196301028,147.04010262552612,-80.79975203414823,-103.68,174.88,-51.8,6.286551827406146,0.19645474460644205,0.9989913604300414,-13.58768027360168,20.922616093938824,44.302625042845804,50.8994869066439,1.2056788881917595
1D32,B_PA2_to_C2,19,-92.792435537956,147.21124955115144,-81.20249796185014,-102.52,175.56,-51.8,6.427174560348828,0.20084920501090087,0.999362468168158,-13.395528371783662,21.39063028299136,44.49245658536008,51.240228269345536,1.2264934093973168
1D32,B_PA2_to_C2,20,-91.79822993559468,147.38097891626882,-81.6014867311795,-101.35,176.24,-51.8,6.574722108198626,0.20546006588120705,0.9996507908758252,-13.19838225253388,21.88169132631328,44.678185396716785,51.58478506916664,1.24852198853007
1D32,B_PA2_to_C2,21,-90.80229103355435,147.54929578769315,-81.9967325985091,-100.17,176.91,-51.8,6.728267279267417,0.21025835247710678,0.9998529733584025,-12.997865571512222,22.392713386665246,44.85962446374646,51.932108389828336,1.2716064246874204
1D32,B_PA2_to_C2,22,-89.80462601702506,147.71619055711744,-82.38820952039464,-98.99,177.57,-51.8,6.884805048761338,0.21515015777379182,0.9999659902912479,-12.798097335340293,22.91369527709438,45.036591092688525,52.27899490872422,1.2952343791221326
1D32,B_PA2_to_C2,23,-88.80524149658001,147.88165129826228,-82.77589017906962,-97.81,178.22,-51.8,7.044490556111439,0.22014032987848248,0.9999999540348996,-12.598938454709671,23.44515332560466,45.208907093148454,52.625569047695365,1.3194559337392355
1D32,B_PA2_to_C2,24,-87.80414478986354,148.0456683441914,-83.15974727592672,-96.62,178.87,-51.8,7.21333280065308,0.22541665002040875,0.9999595076384528,-12.393210886770092,24.00708641069962,45.376398957520394,52.978103295746514,1.3453275638982674
1D32,B_PA2_to_C2,25,-86.8013441490417,148.20823110062227,-83.53975553399744,-95.43,179.51,-51.8,7.386112667739388,0.23081602086685588,0.9998490527115935,-12.187611717800957,24.582124512198924,45.538898035694594,53.331148496236636,1.371968383638114
1D32,B_PA2_to_C2,26,-85.79684713155581,148.36932931117394,-83.91588687010773,-94.24,180.14,-51.8,7.5630723492000005,0.23634601091250002,0.9996760087457816,-11.981965181127945,25.17107368194334,45.696240704873794,53.6849973647658,1.3994492543183474
1D32,B_PA2_to_C2,27,-84.79066219213736,148.52895259434032,-84.28811479164705,-93.04,180.76,-51.8,7.749063266542002,0.24215822707943757,0.9994344479593341,-11.770946146316723,25.790080200515515,45.84826853432749,54.04479545220603,1.428618766832995
1D32,B_PA2_to_C2,28,-83.78279833852454,148.68709051038687,-84.65641348019483,-91.83,181.38,-51.8,7.947067512466493,0.2483458597645779,0.9991190944709978,-11.551792230034321,26.449068933319342,45.99482844491828,54.413765552783545,1.459995555035407
1D32,B_PA2_to_C2,29,-82.7732644843618,148.84373269838642,-85.0207559726652,-90.63,181.98,-51.8,8.143995888447527,0.25449987151398523,0.9987683641105928,-11.339179364920396,27.10447700467124,46.13577286323953,54.778351654667745,1.4914231880292945
1D32,B_PA2_to_C2,30,-81.76207001190437,148.99886944655137,-85.38111544941161,-89.40999999999998,182.58,-51.8,8.359655986372536,0.26123924957414174,0.9983278299619891,-11.112162162189316,27.822227141717033,46.27095987020937,55.15945422899154,1.526229031896627
1D32,B_PA2_to_C2,31,-80.74922459345133,149.15248953395547,-85.73746566339398,-88.2,183.17,-51.8,8.577166041717929,0.2680364388036853,0.9978587327399507,-10.889053930011423,28.54613422297635,46.400253343971066,55.53962899538229,1.56165245083189
1D32,B_PA2_to_C2,32,-79.73473816719762,149.3045824755824,-86.08977990629651,-86.98,183.75,-51.8,8.808092368686786,0.27525288652146207,0.9973218403679867,-10.65829307272097,29.31469272973829,46.52352309695629,55.931239409422275,1.5996369595542437
1D32,B_PA2_to_C2,33,-78.71862135234821,149.4551382571482,-86.4380323272578,-85.76,184.33,-51.8,9.049973962694736,0.2828116863342105,0.9967375376257949,-10.422983685317222,30.119712058387716,46.64064500697291,56.332019940028225,1.63981553130331
1D32,B_PA2_to_C2,34,-77.70088469592274,149.6041466734858,-86.78219602640094,-84.53,184.89,-51.8,9.305500704174559,0.29079689700545497,0.9960872320362133,-10.181135353178286,30.970144546736954,46.75150114218554,56.74514401407661,1.682662847453019
1D32,B_PA2_to_C2,35,-76.68153940290324,149.75159744535128,-87.12224516612058,-83.29999999999998,185.45,-51.8,9.574131616215652,0.29919161300673913,0.9953915534845411,-9.933942410409678,31.864189740017334,46.8559798798629,57.17045749404426,1.7281328608452926
1D32,B_PA2_to_C2,36,-75.66059697847993,149.8974803307656,-87.45815384885604,-82.06,186.0,-51.8,9.861795864904302,0.30818112077825943,0.9946234130587424,-9.676810108203856,32.82158081934091,46.95397601877242,57.61463101287124,1.777208220489686
1D32,B_PA2_to_C2,37,-74.63806924818577,150.0417851248658,-87.7898962109968,-80.81999999999998,186.54,-51.8,10.16261094221216,0.31758159194413,0.9938153438300412,-9.415824285800559,33.822739888823634,47.045390885109015,58.07203532329604,1.8289993252959977
1D32,B_PA2_to_C2,38,-73.61396815521526,150.18450169084596,-88.11744574553933,-79.58,187.08,-51.8,10.480146222679785,0.3275045694587433,0.9929656684279536,-9.14858343726237,34.87954637859794,47.130132431851166,58.54699054012224,1.8841183215949724
1D32,B_PA2_to_C2,39,-72.58830630330328,150.32561996117698,-88.44077702518774,-78.34,187.6,-51.8,10.809715875392287,0.337803621106009,0.9926361677652871,-8.879644699136328,35.9764051191647,47.20811533144455,59.03524234008495,1.9418937545818054
1D32,B_PA2_to_C2,40,-71.56109641508871,150.46512977948345,-88.7598640362138,-77.09,188.12,-51.8,11.167375840603608,0.34898049501886275,0.9942699366927212,-8.596907626348615,37.16675276120038,47.27926106171961,59.55430166445951,2.004849124405694
1D32,B_PA2_to_C2,41,-70.53235169037065,150.6030210563669,-89.07468130687656,-75.84,188.63,-51.8,11.542546215353797,0.36070456922980615,0.9956763180557479,-8.309897837562044,38.41537775248692,47.343497984956706,60.09387760888245,2.071397708337437
1D32,B_PA2_to_C2,42,-69.50208597534196,150.73928382249213,-89.3852044178836,-74.58,189.13,-51.8,11.946868519455283,0.3733396412329776,0.9969047765387269,-8.010848597296217,39.76102487020464,47.400761420019286,60.66699496839888,2.143343309451348
1D32,B_PA2_to_C2,43,-68.47031288272552,150.8739081752133,-89.69140715404404,-73.31999999999998,189.62,-51.8,12.37131480891102,0.38660358777846937,0.9979138460257618,-7.707613111781987,41.17364772142567,47.45099370748225,61.26512033030718,2.219359581834888
1D32,B_PA2_to_C2,44,-67.43704656234294,151.00688424031952,-89.9932640606525,-72.06,190.1,-51.8,12.816304946820312,0.40050952958813474,0.9987135686359689,-7.400673633264897,42.65464367543604,47.494144267690125,61.889671857642014,2.299562258533042
1D32,B_PA2_to_C2,45,-66.40230189331929,151.13820215259082,-90.29075113844432,-70.79,190.58,-51.8,13.298719074582625,0.415584971080707,0.9993331789701903,-7.079734040198184,44.260192451708164,47.530169651686506,62.55935512344695,2.386457976395178
1D32,B_PA2_to_C2,46,-65.36609387181097,151.2678522055928,-90.58384371028332,-69.52,191.04,-51.8,13.800118363691247,0.4312536988653515,0.9997449116981298,-6.758274052376397,45.92892677917524,47.559033584963444,63.25598770598616,2.4773724070344367
1D32,B_PA2_to_C2,47,-64.32843764514975,151.39582463511093,-90.87251660833756,-68.25,191.5,-51.8,14.32741976996968,0.4477318678115525,0.9999614201147964,-6.4325705757597404,47.68386735586175,47.58070700398683,63.98797719198747,2.5733498076223844
1D32,B_PA2_to_C2,48,-63.28934886231595,151.5221097582287,-91.1567453525607,-66.98,191.95,-51.8,14.876591611376025,0.4648934878555008,0.9999883339479749,-6.105861459114249,49.511596120819256,47.59516808546087,64.75233440346054,2.673851300039703
1D32,B_PA2_to_C2,49,-62.24884367455399,151.6466974859408,-91.4365064098234,-65.7,192.39,-51.8,15.463018250597145,0.4832193203311608,0.9998247103896355,-5.770044910195018,51.463314610785915,47.60240226830235,65.56643772903554,2.7810543743418696
1D32,B_PA2_to_C2,50,-61.20693837904393,151.7695790116044,-91.71177513775478,-64.42,192.82,-51.8,16.07092223410106,0.5022163198156582,0.9994737415026534,-5.435114288012498,53.48651302193724,47.60240226830235,66.41511076170036,2.892760623980079
1D32,B_PA2_to_C2,51,-60.16364981403854,151.89074522038314,-91.98252799904806,-63.14,193.25,-51.8,16.70260972265595,0.5219565538329984,0.9989400565988262,-5.100243611661992,55.58886661373631,47.59516808546087,67.30213826787185,3.009319951799415
1D32,B_PA2_to_C2,52,-59.118995098258246,152.01018632705112,-92.2487417271654,-61.85,193.66,-51.8,17.366542654924956,0.5427044579664049,0.9982073213617904,-4.761662932393008,57.79853802588134,47.58070700398683,68.23777883241662,3.131879819503076
1D32,B_PA2_to_C2,53,-58.07299161693708,152.12789314608406,-92.5103927357169,-60.56,194.07,-51.8,18.05124643643953,0.5641014511387353,0.9972916219406104,-4.4257863744466635,60.07733803453546,47.559033584963444,69.2114567872968,3.2588993898030494
1D32,B_PA2_to_C2,54,-57.02565725142257,152.24385640055144,-92.76745833238854,-59.27,194.47,-51.8,18.74996410732318,0.5859363783538494,0.9974168035841884,-4.095921465575981,62.40277843291383,47.530169651686506,70.2175460658578,3.38952566805667
1D32,B_PA2_to_C2,55,-55.97700994133772,152.35806700921157,-93.0199148280702,-57.98,194.86,-51.8,19.459492125788216,0.6081091289308818,0.9986398897964536,-3.7733002514863956,64.76419733882656,47.494144267690125,71.25414048462385,3.5234007715348454
1D32,B_PA2_to_C2,56,-54.92706831895261,152.47051600784263,-93.26774021710568,-56.68,195.24,-51.8,20.19611960813809,0.6311287377543153,0.9994874338200993,-3.4505715982950087,67.21580744888116,47.45099370748225,72.33971716259259,3.6626298930406884
1D32,B_PA2_to_C2,57,-53.87585117730203,152.58119383266,-93.5109122821452,-55.38,195.61,-51.8,20.936622851609815,0.6542694641128067,0.9999272538478854,-3.1377976833070607,69.68031669096403,47.400761420019286,73.451388304834,3.8042938160904964
1D32,B_PA2_to_C2,58,-52.82337771589517,152.6900926983506,-93.74940860700194,-54.08,195.98,-51.8,21.68029637479006,0.6775092617121894,0.999969744535514,-2.8346259833352576,72.15537711389656,47.343497984956706,74.58978550190785,3.9483803105602107
1D32,B_PA2_to_C2,59,-51.76966745502341,152.79720389478553,-93.9832074245146,-52.77,196.33,-51.8,22.435122009952373,0.7010975628110117,0.9996087960156256,-2.537361565261848,74.66755348911,47.27926106171961,75.76457287804921,4.095909980102591
1D32,B_PA2_to_C2,60,-50.71474037182839,152.90251849194152,-94.21228796453826,-51.47,196.68,-51.8,23.163434019469047,0.7238573131084077,0.9988739121990481,-2.259871384795718,77.09148842038533,47.20811533144455,76.93758223905208,4.242437437268732
1D32,B_PA2_to_C2,61,-49.65861645459795,153.00602810349906,-94.43662804934596,-50.16,197.01,-51.8,23.89303154214837,0.7466572356921366,0.9983325296922708,-1.9905051511182126,79.51970173814729,47.130132431851166,78.13904556623685,4.39138884226346
1D32,B_PA2_to_C2,62,-48.60131628715884,153.10772344792713,-94.6562074999455,-48.85,197.34,-51.8,24.605357048389322,0.7689174077621663,0.9994958423031429,-1.7353368503640965,81.89043111574146,47.045390885109015,79.35058356691349,4.5406608746223505
1D32,B_PA2_to_C2,63,-47.54286080845083,153.20759763587284,-94.8710055284514,-47.54,197.66,-51.8,25.29206434111333,0.7903770106597916,0.9999823760544224,-1.4962447205408846,84.17589911935141,46.95397601877242,80.56437017443704,4.689412849284512
1D32,B_PA2_to_C2,64,-46.48327113250459,153.30564221957908,-95.0810017177901,-46.22,197.98,-51.8,25.967878935148356,0.8114962167233861,0.9997898925143904,-1.2672007243935481,86.42511453821325,46.8559798798629,81.79656791217596,4.8394011407100725
1D32,B_PA2_to_C2,65,-45.4225689014876,153.40184895521443,-95.28617699272677,-44.9,198.28,-51.8,26.60357079034754,0.8313615871983606,0.9989107050161168,-1.0571316293796231,88.5407952810958,46.75150114218554,83.01718123014759,4.987448461140305
1D32,B_PA2_to_C2,66,-44.36077557018651,153.49620909959995,-95.48651027214626,-43.58,198.57,-51.8,27.197126210974247,0.8499101940929452,0.9995206276876133,-0.8654699464985472,90.51623945736262,46.64064500697291,84.22449997630524,5.1334778713289095
1D32,B_PA2_to_C2,67,-43.29791368497544,153.58871652443105,-95.68198375449376,-42.26,198.86,-51.8,27.745946838192523,0.8670608386935164,0.9999993271620601,-0.6919392831704546,92.34279932722065,46.52352309695629,85.41599352349722,5.277332031429155
1D32,B_PA2_to_C2,68,-42.234005550773134,153.6793630286134,-95.8725781010478,-40.94,199.14,-51.8,28.243534312605707,0.8826104472689283,0.9999851129507829,-0.5375494374171975,93.99884734624973,46.400253343971066,86.58482357140545,5.418428491079784
1D32,B_PA2_to_C2,69,-41.16907381901202,153.76814085817185,-96.05827437794429,-39.62,199.4,-51.8,28.68554636208376,0.8964233238151175,0.9997693523385642,-0.4026677570468,95.46993176168517,46.27095987020937,87.7261627386714,5.556412486155278
1D32,B_PA2_to_C2,70,-40.1031289537576,153.85501755222404,-96.23899125430628,-38.29,199.66,-51.8,29.081198366511245,0.9087874489534764,0.9999601330057936,-0.283684303826967,96.7867227820575,46.13577286323953,88.84910712773677,5.692305350484545
1D32,B_PA2_to_C2,71,-39.03618987823958,153.939976772089,-96.4146819293428,-36.96,199.91,-51.8,29.411381763056355,0.9191056800955111,0.9992940490278445,-0.1856217119954635,97.88562415695581,45.99482844491828,89.93284334079249,5.824186421383871
1D32,B_PA2_to_C2,72,-37.96829818015255,154.02304379636783,-96.58541758393568,-35.63,200.15,-51.8,29.673819150717527,0.9273068484599227,0.9999999638797353,-0.10846136925534497,98.75905634386525,45.84826853432749,90.97387899926201,5.9518754737343995
1D32,B_PA2_to_C2,73,-36.899477667861696,154.104211003158,-96.75118039535155,-34.3,200.39,-51.8,29.868511646143226,0.9333909889419758,0.9999453072698703,-0.051658636380599435,99.4070230591645,45.696240704873794,91.97080664196223,6.0753904425282474
1D32,B_PA2_to_C2,74,-35.829752775415024,154.18347341545706,-96.91195389931922,-32.97,200.61,-51.8,29.99263387978137,0.9372698087431678,0.9999815487963369,-0.01563815736618063,99.82012103631179,45.538898035694594,92.91895467187499,6.194435963512656
1D32,B_PA2_to_C2,75,-34.759148008312394,154.26082338826797,-97.06772212617592,-31.63,200.82,-51.8,30.0466815391567,0.9389587980986469,0.9997953828735624,0.0,100.0,45.376398957520394,93.81681399854459,6.309013054453706
1D32,B_PA2_to_C2,76,-33.68768816862759,154.33625396422505,-97.21846945332712,-30.3,201.03,-51.8,30.028776083174797,0.9383992525992124,0.9998955066492692,-0.005177649087952704,99.94040787513067,45.208907093148454,94.66007724045035,6.418856924737041
1D32,B_PA2_to_C2,77,-32.61539853755643,154.40976009116122,-97.3641813520534,-28.96,201.23,-51.8,29.937598671504254,0.935549958484508,0.999997563240985,-0.03159103655016666,99.63695535724871,45.036591092688525,95.44470945404797,6.52372699507535
1D32,B_PA2_to_C2,78,-31.54230429006244,154.48133467447258,-97.50484226081323,-27.62,201.41,-51.8,29.774319111934812,0.9304474722479629,0.9999900891020127,-0.07909350580746705,99.09353574747698,44.859624463746464,96.16897086191474,6.623586698152111
1D32,B_PA2_to_C2,79,-30.46843110893605,154.55097297226447,-97.64043783150107,-26.28,201.59,-51.8,29.54128018951367,0.9231650059223022,0.9991972759597926,-0.14734404360900488,98.31794619653957,44.678185396716785,96.83204852406284,6.718471873914372
1D32,B_PA2_to_C2,80,-29.39380476776233,154.6186681013438,-97.77095418124917,-24.94,201.76,-51.8,29.24108194287326,0.9137838107147894,0.9999622184606904,-0.23606152328005423,97.31884003485182,44.49245658536008,97.43311015955497,6.808403610674349
1D32,B_PA2_to_C2,81,-28.31845135645202,154.68441462884485,-97.89637786883976,-23.6,201.93,-51.8,28.877004227762285,0.9024063821175714,0.9996900414917237,-0.3448875507476134,96.10713312926056,44.30262504284581,97.97176190563425,6.893429167088403
1D32,B_PA2_to_C2,82,-27.2423972641524,154.74820751656992,-98.01669642786544,-22.26,202.08,-51.8,28.453102138309397,0.8891594418221687,0.9998523367459451,-0.47333782241769085,94.69632145975734,44.10888191344596,98.44816757181415,6.97363175387566
1D32,B_PA2_to_C2,83,-26.165669006864395,154.81004129594638,-98.13189739193844,-20.91,202.22,-51.8,27.960567368489272,0.8737677302652898,0.9999747309411177,-0.6250106845915666,93.05708962253014,43.91142228006894,98.84880243485202,7.047878162578485
1D32,B_PA2_to_C2,84,-25.088293256508223,154.86991089153568,-98.24196809318909,-19.57,202.36,-51.8,27.4293968172767,0.8571686505398969,0.99917984380907,-0.7916051314239487,91.28927193351063,43.71044496782762,99.20053791529276,7.11857599077576
1D32,B_PA2_to_C2,85,-24.01029697344074,154.9278115916748,-98.34689701737234,-18.22,202.48,-51.8,26.837649600993416,0.8386765500310442,0.9995178617012437,-0.981040712906031,89.31984574076412,43.5061523438393,99.47573247857237,7.183329388871441
1D32,B_PA2_to_C2,86,-22.93170731895633,154.98373900900486,-98.44667307402544,-16.87,202.6,-51.8,26.20461502702161,0.8188942195944253,0.9999958446624627,-1.1883746026635316,87.21300884049998,43.298750113459214,99.68974139100088,7.243502188778877
1D32,B_PA2_to_C2,87,-21.85255162814546,155.0376874840803,-98.54128635480696,-15.53,202.71,-51.8,25.55373541299914,0.7985542316562231,0.9996988562255085,-1.4068424049637263,85.04678088892321,43.0884471131526,99.8621612435464,7.300802366622106
1D32,B_PA2_to_C2,88,-20.772857377273507,155.08965376136825,-98.6307256717608,-14.18,202.8,-51.8,24.857436409102462,0.7767948877844519,0.9986178613783242,-1.6468035383340602,82.72939018809235,42.875455100214154,99.95914789429732,7.352276048577454
1D32,B_PA2_to_C2,89,-19.692652288997586,155.13963285791397,-98.71498233580527,-12.83,202.89,-51.8,24.13896035199649,0.7543425109998904,0.9992160447217682,-1.901559051504361,80.33819082662657,42.65998853954633,100.0,7.3995853111647385
1D32,B_PA2_to_C2,90,-18.61196423594128,155.18762180084667,-98.79404690542012,-11.48,202.98,-51.8,23.40492372927033,0.7314038665396978,0.999846477107923,-2.169785675447104,77.89520349782765,42.44226438771144,99.98664048956452,7.442868601974963
1D32,B_PA2_to_C2,91,-17.53082121803602,155.2336156026439,-98.86791142702478,-10.13,203.05,-51.8,22.660714650227277,0.7081473328196024,0.999989839803313,-2.450458238155379,75.41836066221134,42.222501874474666,99.91977012209063,7.482149251386776
1D32,B_PA2_to_C2,92,-16.44925130893432,155.27761120152687,-98.93656618480166,-8.779999999999998,203.11,-51.8,21.91246142956188,0.6847644196738087,0.9996482683803457,-2.7421069865453207,72.92805829823722,42.00092228205837,99.80097190801982,7.517518873215872
1D32,B_PA2_to_C2,93,-15.367282953400316,155.31960635618893,-99.00000520316732,-7.429999999999999,203.16,-51.8,21.16276912175989,0.6613365350549966,0.9988187835016543,-3.0444804002672154,70.4329664298557,41.77774872232962,99.62829549607001,7.548753334999759
1D32,B_PA2_to_C2,94,-14.28493673047202,155.3595507877873,-99.05810188618948,-6.08,203.21,-51.8,20.417650057632976,0.6380515643010305,0.9975256564855518,-3.3558151580550066,67.95309502323838,41.553205912145444,99.40355285815376,7.575947420651098
1D32,B_PA2_to_C2,95,-13.20224339567479,155.3974442967575,-99.1108541938934,-4.73,203.24,-51.8,19.68611877718321,0.6151912117869753,0.9985249804251387,-3.672728257341995,65.51844586074621,41.32751994708203,99.13193822095828,7.599485067689702
1D32,B_PA2_to_C2,96,-12.119239570985169,155.4333259341982,-99.15836949775446,-3.38,203.27,-51.8,18.97354557938361,0.5929232993557378,0.9992659857002438,-3.992960381238944,63.14689212736312,41.10091807377561,98.81511649334546,7.619437282470692
1D32,B_PA2_to_C2,97,-11.03595403858412,155.46719473161767,-99.20064078858212,-2.03,203.29,-51.8,18.279771899703515,0.5712428718657349,0.9997511682811289,-4.316514836061992,60.83790609582426,40.87362846110438,98.4492916643417,7.635388057281112
1D32,B_PA2_to_C2,98,-9.952415705712683,155.49904677165716,-99.23766471970472,-0.68,203.3,-51.8,17.60766418009619,0.5502395056280059,0.9999801928725539,-4.641895347668028,58.601027727970425,40.645879970441804,98.0341938004476,7.6472210274166486
1D32,B_PA2_to_C2,99,-8.868653542257167,155.52888109151874,-99.2694358153294,0.68,203.3,-51.8,16.94393827149409,0.5294980709841903,0.9999487440047103,-4.975643067905365,56.39204532258522,40.41790192521255,97.55305114419059,7.653341830685402
1D32,B_PA2_to_C2,100,-7.784696647000554,155.55669596799535,-99.295951680497,2.03,203.29,-51.8,16.322015164554934,0.5100629738923417,0.9996578037824599,-5.300454739303888,54.322189101928466,40.18992387998328,97.03838335518073,7.65652738004915
1D32,B_PA2_to_C2,101,-6.700574090627914,155.58248888798403,-99.31720834713164,3.38,203.27,-51.8,15.726869137720673,0.491464660553771,0.999109151105511,-5.623084818337518,52.341451142368214,39.962175389320706,96.47247630294599,7.6550860961817335
1D32,B_PA2_to_C2,102,-5.616315065931505,155.6062589687898,-99.33320358502304,4.73,203.24,-51.8,15.159189121487797,0.47372466004649366,0.9983020917084073,-5.942410857261273,50.45212431107379,39.734885776649485,95.85453286034041,7.648813722287002
1D32,B_PA2_to_C2,103,-4.531948766026188,155.62800404835014,-99.34393501923688,6.08,203.21,-51.8,14.620420884866911,0.456888152652091,0.9972359167355054,-6.256732778856606,48.65902035076201,39.50828390334307,95.185041028119,7.637610710479855
1D32,B_PA2_to_C2,104,-3.4475044580098806,155.64772418831205,-99.34940086171216,7.429999999999999,203.16,-51.8,14.107945599757077,0.44087329999240865,0.9959096665115158,-6.566654752463622,46.95342339676235,39.28259793827966,94.46074218224221,7.621023031508463
1D32,B_PA2_to_C2,105,-2.3630114133557245,155.66541793816927,-99.3496006662767,8.779999999999998,203.11,-51.8,13.623806891908973,0.4257439653721554,0.9957239062592579,-6.869960696191165,45.3421349514238,39.05805512809548,93.68376915577066,7.599074824296102
1D32,B_PA2_to_C2,106,-1.2784989144168657,155.68108421535902,-99.34453342396944,10.13,203.05,-51.8,13.165947974464114,0.41143587420200356,0.9965993825989644,-7.166887586940742,43.81830971019648,38.83488156836673,92.8524803156181,7.571430484667804
1D32,B_PA2_to_C2,107,-0.193996270036946,155.69472371767526,-99.33419986729729,11.48,202.98,-51.8,12.73339538863349,0.39791860589479655,0.9973765420117748,-7.45704578563215,42.37870785177852,38.613301975950435,91.96687986000535,7.537890221470755
1D32,B_PA2_to_C2,108,0.8904672233824948,155.70633517500383,-99.31859957134051,12.83,202.89,-51.8,12.323809486669784,0.38511904645843076,0.998054370770782,-7.741030760565328,41.01554266686473,38.393539462713655,91.02604658529206,7.498150597081633
1D32,B_PA2_to_C2,109,1.9748622970068277,155.7159185771087,-99.29773448040478,14.18,202.8,-51.8,11.938403341090934,0.3730751044090917,0.9986330530927093,-8.017005329239405,39.7328514482801,38.17581531087876,90.03326665542434,7.452293737840724
1D32,B_PA2_to_C2,110,3.059159680973665,155.7234744275543,-99.27160608203349,15.53,202.71,-51.8,11.575775014586842,0.3617429692058388,0.9991113896572204,-8.284928733721754,38.525968331981495,37.96034875021095,88.98956207363244,7.40017751671814
1D32,B_PA2_to_C2,111,4.143330136585643,155.72900397382435,-99.24021636121546,16.87,202.6,-51.8,11.239884168769317,0.35124638027404115,0.9994800482543199,-8.540693565879005,37.40807168379493,37.747356737272504,87.90201286663437,7.3422454915456425
1D32,B_PA2_to_C2,112,5.227344481535621,155.73250618129498,-99.20356807735816,18.22,202.48,-51.8,10.914794608403056,0.3410873315125955,0.9997568937257691,-8.79561892588037,36.32612338297307,37.537053736965895,86.75730396199785,7.276917309848839
1D32,B_PA2_to_C2,113,6.311173611409227,155.73398248082182,-99.16166550764348,19.57,202.36,-51.8,10.607229400590521,0.3314759187684538,0.9999307225641378,-9.04389105244867,35.30249883591047,37.32965150658579,85.56621653851622,7.204967875104643
1D32,B_PA2_to_C2,114,7.394782462526731,155.73338500105064,-99.11438346663768,20.91,202.22,-51.8,10.32038623101221,0.32251206971913154,0.9999986179625436,-9.282011266264659,34.34784043476724,37.12535888259749,84.33619729084113,7.126867085193114
1D32,B_PA2_to_C2,115,8.478141025309707,155.7307228648241,-99.0617464588014,22.26,202.08,-51.8,10.044338764566348,0.31388558639269837,0.9999622060289304,-9.517503245618741,33.42911180216894,36.92438157035616,83.06127762465363,7.041707535468094
1D32,B_PA2_to_C2,116,9.561224891104924,155.72603815765683,-99.00386883744936,23.6,201.93,-51.8,9.788890477455329,0.30590282742047903,0.9998231823341454,-9.741260890620714,32.57894042208452,36.72692193697914,81.75640592681165,6.950745188153169
1D32,B_PA2_to_C2,117,10.64400526204448,155.71933353831668,-98.94075634454964,24.94,201.76,-51.8,9.544633659076775,0.2982698018461492,0.9995802724114787,-9.960744999371173,31.76601597962907,36.53317880757929,80.41666295879509,6.853171695813303
1D32,B_PA2_to_C2,118,11.726453465486236,155.71061091327692,-98.87241568891406,26.28,201.59,-51.8,9.312752786287199,0.29102352457147496,0.999232293282496,-10.174368790665369,30.994280596846814,36.34334726506502,79.04839916886604,6.749363109834446
1D32,B_PA2_to_C2,119,12.808540831343858,155.6998726481481,-98.79885227901212,27.62,201.41,-51.8,9.091337578863278,0.28410429933947745,0.9987774146312259,-10.38337459455737,30.257376565912903,36.15761845370831,77.6548696770889,6.639377550982801
1D32,B_PA2_to_C2,120,13.890238970931271,155.68712123001086,-98.7200746209666,28.96,201.23,-51.8,8.880615745740165,0.27751924205438017,0.9982147749652769,-10.58706869896769,29.556061737356877,35.976179386678645,76.24166357259038,6.523546477015984
1D32,B_PA2_to_C2,121,14.971519467755202,155.67235797569495,-98.63608964081362,30.3,201.03,-51.8,8.677860214398642,0.27118313169995756,0.9975408785489962,-10.787677277594906,28.88125999235454,35.79921275773657,74.81133047413846,6.401878041519472
1D32,B_PA2_to_C2,122,16.052354114914245,155.6555863167227,-98.54690555049524,31.63,200.82,-51.8,8.487566346772741,0.26523644833664817,0.996774944560438,-10.98026663655392,28.247932590198964,35.62689675727665,73.37398402402661,6.275282111562595
1D32,B_PA2_to_C2,123,17.13271484254847,155.6368091544556,-98.45253107240914,32.97,200.61,-51.8,8.301609785180629,0.25942530578689466,0.9958780381707527,-11.17268396698384,27.629040412872246,35.4594048929047,71.92649913179619,6.143149596021315
1D32,B_PA2_to_C2,124,18.2125737773163,155.61602957632962,-98.35297588894588,34.3,200.39,-51.8,8.126600383036823,0.25395626196990073,0.9948907877062498,-11.357752193505753,27.046582074117815,35.29690581473051,70.48108961424266,6.006719468442193
1D32,B_PA2_to_C2,125,19.29190318721537,155.59325143620617,-98.24824980430816,35.63,200.15,-51.8,7.957041866958163,0.2486575583424426,0.9937874994246001,-11.540897416421386,26.482265126644954,35.139563145551314,69.03718766633008,5.865734667546889
1D32,B_PA2_to_C2,126,20.370675431420327,155.5684775792159,-98.1383625598915,36.96,199.91,-51.8,7.794352587223834,0.2435735183507448,0.992570635895519,-11.720329324613088,25.940810059394643,34.987535316097606,67.60130781982016,5.720834961364927
1D32,B_PA2_to_C2,127,21.44886309329527,155.54171133133084,-98.02332482807778,38.29,199.66,-51.8,7.637237228274984,0.23866366338359324,0.9912352917652063,-11.89720466182881,25.417905861990686,34.84097540550682,66.17693998620211,5.572327531588815
1D32,B_PA2_to_C2,128,22.526438964794103,155.51295701115404,-97.90314781249332,39.62,199.4,-51.8,7.485359793119219,0.2339174935349756,0.9897787133688933,-12.07167667795047,24.91243428451269,34.700030987185556,64.768362108487,5.420661038830945
1D32,B_PA2_to_C2,129,23.60337610738463,155.48221867535082,-97.77784391778182,40.94,199.14,-51.8,7.342283510310596,0.22944635969720611,0.9882427147061962,-12.2393072783378,24.43625430230012,34.56484398021573,63.38368929555376,5.26685826273294
1D32,B_PA2_to_C2,130,24.67964765573138,155.44950057050062,-97.64742489607836,42.26,198.86,-51.8,7.202736326396867,0.22508551019990208,0.9865806986176285,-12.405979946311504,23.97181970664645,34.435550506454035,62.02152732610874,5.11070853198558
1D32,B_PA2_to_C2,131,25.7552268488753,155.41480710488227,-97.51190216737936,43.58,198.57,-51.8,7.06735665645453,0.22085489551420406,0.984793943091373,-12.57079010604031,23.521255241595924,34.312280753468805,60.68638092459378,4.95283304056991
1D32,B_PA2_to_C2,132,26.830087607698424,155.37814292595095,-97.37129126067428,44.9,198.28,-51.8,6.936727016325593,0.21677271926017477,0.9842553769286698,-12.732838202068397,23.08649960990095,34.19515884345219,59.382395895504416,4.793861811784021
1D32,B_PA2_to_C2,133,27.904203500133505,155.33951282222966,-97.22560371147092,46.22,197.98,-51.8,6.809800069621365,0.21280625217566765,0.9849649857646579,-12.893243048538874,22.664067114189844,34.084302708239555,58.111700563879765,4.634183420012518
1D32,B_PA2_to_C2,134,28.977548636205537,155.29892175665495,-97.07485387430688,47.54,197.66,-51.8,6.68562254969479,0.20892570467796218,0.9856665417291477,-13.053093200088755,22.250785135729934,33.979823970562194,56.87620130695329,4.474189159385851
1D32,B_PA2_to_C2,135,30.050097475835003,155.2563748690403,-96.9190572997126,48.85,197.34,-51.8,6.567806247594024,0.20524394523731326,0.9863415134498055,-13.207523630186984,21.858674273346587,33.88182783165267,55.68225578806432,4.314999794419544
1D32,B_PA2_to_C2,136,31.12181509006912,155.21185602608776,-96.7581726374765,50.16,197.01,-51.8,6.452645285012933,0.20164516515665415,0.9870121359598768,-13.361174445332475,21.47540079127831,33.79041296531609,54.528239671586796,4.156559563099117
1D32,B_PA2_to_C2,137,32.19266435930694,155.16534617449724,-96.59215188515384,51.47,196.68,-51.8,6.341331725118778,0.1981666164099618,0.9876736752723356,-13.512320831358519,21.104932059984005,33.70567141857393,53.41732932501424,3.9995837666629175
1D32,B_PA2_to_C2,138,33.26264053382973,155.11689864444983,-96.42113376138818,52.77,196.33,-51.8,6.234526132103152,0.1948289416282235,0.9883052142418814,-13.65986128705311,20.749466539186184,33.62768851898055,52.35182653159408,3.8446964513063393
1D32,B_PA2_to_C2,139,34.331719100072526,155.06651938643978,-96.24513495979193,54.08,195.98,-51.8,6.128872501918158,0.19152726568494244,0.9889485147430384,-13.808318542075803,20.39783492872928,33.556542788705485,51.32952026556373,3.6917998928901206
1D32,B_PA2_to_C2,140,35.39987582541831,155.01421438336334,-96.06417264235868,55.38,195.61,-51.8,6.026986787189926,0.18834333709968518,0.9895654259104957,-13.953925492120069,20.058743523259242,33.49230586546839,50.354147628160064,3.541804002382873
1D32,B_PA2_to_C2,141,36.46708644216982,154.95998983572957,-95.87826249657256,56.68,195.24,-51.8,5.928095524617206,0.18525298514428767,0.9901739943974417,-14.097626415711424,19.729618117367597,33.43504243040581,49.42561228559182,3.395003587909386
1D32,B_PA2_to_C2,142,37.53332745825927,154.90385207524594,-95.68742349521644,57.98,194.86,-51.8,5.83138059449654,0.18223064357801688,0.9907744152408727,-14.240502534071204,19.407735882237482,33.38481014294285,48.54349851837049,3.2516432369836403
1D32,B_PA2_to_C2,143,38.59857531813452,154.84580760475149,-95.4916729379468,59.27,194.47,-51.8,5.738547536089816,0.17932961050280674,0.9913487054802548,-14.379890608980785,19.098773116130534,33.34165958273497,47.70977451473373,3.112403018964764
1D32,B_PA2_to_C2,144,39.66280689849823,154.7858630702206,-95.29102930237936,60.56,194.07,-51.8,5.647601472986352,0.1764875460308235,0.9919149214386647,-14.518649423122575,18.79609056203569,33.30563419873859,46.92229796768453,2.9772313048532055
1D32,B_PA2_to_C2,145,40.72599915709653,154.72402525901262,-95.08551026173888,61.85,193.66,-51.8,5.55847771505345,0.17370242859542032,0.9924725463432316,-14.656812902943244,18.4994729211932,33.27677026546165,46.18072553128376,2.846391664828106
1D32,B_PA2_to_C2,146,41.78812967252567,154.66030109872707,-94.87513555586692,63.14,193.25,-51.8,5.471785927545001,0.1709933102357813,0.9930194440461437,-14.79334831645735,18.210949253794283,33.25509684643826,45.485218077245534,2.7202412864868517
1D32,B_PA2_to_C2,147,42.8491760867882,154.59469736955518,-94.65992407576108,64.42,192.82,-51.8,5.387687491073206,0.16836523409603768,0.9935421446799895,-14.927882342777032,17.93105665945837,33.240635764964225,44.83528570646647,2.599012400320921
1D32,B_PA2_to_C2,148,43.90911670401592,154.5272213537003,-94.43989668681203,65.7,192.39,-51.8,5.305781596989925,0.16580567490593515,0.9940535677689954,-15.060942898471447,17.658461185057835,33.233401582122745,44.229688283894326,2.482781662973959
1D32,B_PA2_to_C2,149,44.96792978648344,154.45788129605765,-94.21507258127312,66.98,191.95,-51.8,5.225347408181946,0.16329210650568582,0.9945545050949328,-15.193626881816641,17.39076377327159,33.233401582122745,43.666708400204094,2.3715132107043972
1D32,B_PA2_to_C2,150,46.02559383187995,154.38668407085044,-93.9854713541777,68.25,191.5,-51.8,5.147770027623666,0.16086781336323958,0.9950298333780239,-15.323547541278709,17.132574260871756,33.240635764964225,43.14670880097543,2.2655670417094833
1D32,B_PA2_to_C2,151,47.08208808186795,154.31363728095752,-93.7511147078041,69.52,191.04,-51.8,5.071495247361007,0.15848422648003146,0.9954938704336534,-15.453209822999408,16.878720003577953,33.25509684643826,42.66687257423427,2.164651877471997
1D32,B_PA2_to_C2,152,48.13739187572139,154.23874863471048,-93.5120235955986,70.79,190.58,-51.8,4.997105449813336,0.15615954530666676,0.9959436204695616,-15.581559997660905,16.631139260091437,33.27677026546165,42.22653182683695,2.068884894212242
1D32,B_PA2_to_C2,153,49.19148480348986,154.1620260381531,-93.26821888920249,72.06,190.1,-51.8,4.923316677987763,0.15385364618711758,0.9963818432084932,-15.71077485169895,16.385558823099046,33.30563419873859,41.82299684202059,1.9779488262292926
1D32,B_PA2_to_C2,154,50.244346869708224,154.08347698062326,-93.01972230558997,73.31999999999998,189.62,-51.8,4.852583731223051,0.15164324160072035,0.9967914594635843,-15.836469522312651,16.15014864419948,33.34165958273497,41.45743659675929,1.892304643179926
1D32,B_PA2_to_C2,155,51.29595856754602,154.00311012760852,-92.76655613122028,74.58,189.13,-51.8,4.7829226865585195,0.14946633395495373,0.9971861669410322,-15.962063063929005,15.918305921156172,33.38481014294285,41.126338276192925,1.8114226524293218
1D32,B_PA2_to_C2,156,52.34630046281263,153.92093409495914,-92.50874189047302,75.84,188.63,-51.8,4.714311834925102,0.14732224484140943,0.9975644415192859,-16.0875641562338,15.689958402832046,33.43504243040581,40.82821821147943,1.7351709714506294
1D32,B_PA2_to_C2,157,53.39535361782308,153.83695674326134,-92.24630226351488,77.09,188.12,-51.8,4.647865151198758,0.14524578597496118,0.9979148643690692,-16.21085989260007,15.468813569783674,33.49230586546839,40.56276992751865,1.6636511096907576
1D32,B_PA2_to_C2,158,54.443099474220304,153.75118650031845,-91.97926021080472,78.34,187.6,-51.8,4.582354318094037,0.14319857244043865,0.9982467887310915,-16.33415694379933,15.25078339224361,33.556542788705485,40.327236901599704,1.5964251171609458
1D32,B_PA2_to_C2,159,55.48951956414256,153.663631248831,-91.70763814280556,79.58,187.08,-51.8,4.519397095255652,0.14123115922673912,0.9985481503091571,-16.454320236814105,15.041252024340837,33.62768851898054,40.12185118861985,1.5336789348425457
1D32,B_PA2_to_C2,160,56.53459623990898,153.5743005258712,-91.43146003128533,80.81999999999998,186.54,-51.8,4.456692884608738,0.13927165264402305,0.9988304455866092,-16.575676131082837,14.83256272011535,33.70567141857393,39.94276526970227,1.4747029080686282
1D32,B_PA2_to_C2,161,57.57831172533226,153.4832032432207,-91.1507485139026,82.06,186.0,-51.8,4.395370224586864,0.1373553195183395,0.9990877513068195,-16.696021043105063,14.628471429894304,33.79041296531609,39.78974720585773,1.4195536098267267
1D32,B_PA2_to_C2,162,58.62064887440875,153.39034780748443,-90.86552767323836,83.29999999999998,185.45,-51.8,4.334849505528259,0.1354640470477581,0.9993194475079498,-16.816449789204004,14.427049123142277,33.881827831652664,39.66081250154694,1.367895514836317
1D32,B_PA2_to_C2,163,59.66159077497219,153.29574248131743,-90.57582147899204,84.53,184.89,-51.8,4.2760515978160285,0.1336266124317509,0.9995179365379254,-16.93507153828431,14.231360598818533,33.979823970562194,39.55558670427221,1.3197341162216287
1D32,B_PA2_to_C2,164,60.7011208977446,153.19939724981538,-90.28165367028168,85.76,184.33,-51.8,4.218509818038212,0.13182843181369414,0.9996858225863569,-17.052748995466583,14.039852662400238,34.08430270823955,39.472288349821625,1.2747578207884847
1D32,B_PA2_to_C2,165,61.73922307688685,153.10132122517263,-89.98304854624612,86.98,183.75,-51.8,4.162017013317227,0.13006303166616334,0.9998193691404409,-17.169853256246643,13.851835877094466,34.195158843452184,39.40945575203231,1.2327162360639323
1D32,B_PA2_to_C2,166,62.77588159274177,153.0015225529011,-89.6800312508476,88.2,183.17,-51.8,4.106702341937711,0.12833444818555348,0.9999181355634064,-17.286065762082373,13.667740101634434,34.312280753468805,39.366029952665535,1.1934406362162515
1D32,B_PA2_to_C2,167,63.811080741983474,152.90001146789095,-89.37262530661879,89.40999999999998,182.58,-51.8,4.052845365363243,0.12665141766760135,0.9999786076194866,-17.400729605010447,13.488495759778306,34.435550506454035,39.34116199300343,1.1568030594901784
1D32,B_PA2_to_C2,168,64.84480570796426,152.79679733772667,-89.06085650443455,90.63,181.98,-51.8,3.998780182507144,0.12496188070334825,0.9999999960492584,-17.517379657078745,13.308558475237778,34.56484398021573,39.33202114272106,1.122233261017624
1D32,B_PA2_to_C2,169,65.8770416411013,152.69188856131194,-88.74474986151313,91.83,181.38,-51.8,3.947396764253024,0.123356148882907,0.9999785028570854,-17.629714663993035,13.137546517770337,34.700030987185556,39.34059721314329,1.0902217171881057
1D32,B_PA2_to_C2,170,66.90777413228953,152.5852956136748,-88.42433016003714,93.04,180.76,-51.8,3.895290298174188,0.12172782181794338,0.9999092102237267,-17.745133695712816,12.96412814539224,34.84097540550682,39.36234786351815,1.0598138020968346
1D32,B_PA2_to_C2,171,67.93698914361468,152.4770279819649,-88.09962274820667,94.24,180.14,-51.8,3.844990383918998,0.12015594949746869,0.999791806882595,-17.858025119735682,12.796722256693219,34.9875353160976,39.39899253049392,1.031435335991013
1D32,B_PA2_to_C2,172,68.96467309574679,152.36709425458267,-87.77065375851993,95.43,179.51,-51.8,3.79591962280407,0.11862248821262719,0.9996242644635689,-17.96959012309642,12.633407179615642,35.13956314555131,39.44905167930094,1.0048041912033303
1D32,B_PA2_to_C2,173,69.99081266367635,152.25550509492143,-87.43744847141123,96.62,178.87,-51.8,3.7473387039984902,0.11710433449995282,0.9993988768916453,-18.081471306320744,12.47172237345071,35.29690581473049,39.51092647737158,0.979611546644496
1D32,B_PA2_to_C2,174,71.01539471176027,152.1422701375941,-87.10003215903092,97.81,178.22,-51.8,3.6992599442906364,0.11560187325908239,0.9991097364546286,-18.19363328077857,12.311708830373755,35.45940489290469,39.58385267227218,0.9557323776805428
1D32,B_PA2_to_C2,175,72.03840663046354,152.02739826837123,-86.75843102006482,98.99,177.57,-51.8,3.6527863431676866,0.1141495732239902,0.9987625123747131,-18.303444870976076,12.157037503151194,35.62689675727664,39.66825317919419,0.9333016234983564
1D32,B_PA2_to_C2,176,73.05983625395466,151.9109002355482,-86.41267103113607,100.17,176.91,-51.8,3.6067753536850367,0.1127117298026574,0.9983423895635226,-18.413548413000665,12.003905818966075,35.79921275773656,39.762245245343415,0.9119484644389643
1D32,B_PA2_to_C2,177,74.07967157134375,151.79278529141217,-86.06277821481683,101.35,176.24,-51.8,3.5612403982143626,0.11128876244419883,0.9978422504218118,-18.523904453482373,11.852358449545818,35.976179386678645,39.86519680889126,0.8915774482810108
1D32,B_PA2_to_C2,178,75.0979012617257,151.6730638340782,-85.70877930137463,102.52,175.56,-51.8,3.516755387025735,0.10989860584455421,0.9972670290114091,-18.633087051829197,11.704305456969399,36.15761845370831,39.977100946141796,0.8722295835008392
1D32,B_PA2_to_C2,179,76.11451404738338,151.5517459278318,-85.3507003611686,103.68,174.88,-51.8,3.4737147802206696,0.10855358688189592,0.9966199636018093,-18.74004714918677,11.561059665420089,36.34334726506502,40.09779914502246,0.8539122445869162
1D32,B_PA2_to_C2,180,77.12949884362655,151.42884061949917,-84.98856747237346,104.84,174.18,-51.8,3.430661752583117,0.1072081797682224,0.9958683009123365,-18.848372264939634,11.417772535420571,36.53317880757929,40.225229587640904,0.836221381121784
1D32,B_PA2_to_C2,181,78.14284513143528,151.30435859348498,-84.62240688190954,106.0,173.48,-51.8,3.388490619706335,0.10589033186582297,0.9950181728465772,-18.955804525071617,11.277420487485346,36.72692193697914,40.3598213730219,0.8192940710372371
1D32,B_PA2_to_C2,182,79.15454278227848,151.17830968322968,-84.2522453379742,107.15,172.77,-51.8,3.3472618244236148,0.10460193201323796,0.9940718227842025,-19.062136591465922,11.140204684705292,36.92438157035616,40.50115973835495,0.8030845807649213
1D32,B_PA2_to_C2,183,80.16458218699586,151.05070418164797,-83.87810997663453,108.29,172.06,-51.8,3.307351518272296,0.10335473494600925,0.9930355698825302,-19.16632316193908,11.007377017532436,37.12535888259748,40.64918640408188,0.7876239402595089
1D32,B_PA2_to_C2,184,81.17295358746802,150.9215520382831,-83.50002680614665,109.43,171.33,-51.8,3.2674445440353583,0.10210764200110495,0.9918603228983196,-19.271765772641622,10.874560439485602,37.32965150658579,40.80209744776089,0.7725710636135459
1D32,B_PA2_to_C2,185,82.17964783645431,150.79086341092665,-83.11802254281665,110.57,170.6,-51.8,3.22838740384651,0.10088710637020344,0.9905600166794043,-19.376217396452223,10.744572240496144,37.53705373696589,40.96037226393943,0.7580742588052427
1D32,B_PA2_to_C2,186,83.18465626890872,150.658648479528,-82.73212435394977,111.7,169.86,-51.8,3.190198534863693,0.0996937042144904,0.9891371134752515,-19.479576054783813,10.617473782275226,37.7473567372725,41.12364352597093,0.7441008073272142
1D32,B_PA2_to_C2,187,84.18797034164835,150.52491725041395,-82.34235893159975,112.83,169.12,-51.8,3.1528452264414835,0.09852641332629636,0.9875761120047032,-19.581877245607053,10.493156198739317,37.96034875021095,41.29150810396201,0.7306110263424757
1D32,B_PA2_to_C2,188,85.18958182372573,150.3896801787657,-81.948752828512,113.95,168.36,-51.8,3.1159494453842917,0.09737342016825912,0.9858604248075837,-19.68412222241093,10.370361336986916,38.175815310878754,41.463217496021606,0.7174935771254852
1D32,B_PA2_to_C2,189,86.18948264342175,150.25294705232363,-81.55133241463926,115.07,167.6,-51.8,3.0798978297579853,0.09624680717993704,0.9839903235634759,-19.785204084104468,10.250375988257726,38.393539462713655,41.63883749999102,0.7048088989682473
1D32,B_PA2_to_C2,190,87.18766562310678,150.11472854178467,-81.15012523298817,116.18,166.83,-51.8,3.044675088401452,0.09514609651254538,0.9819680225119637,-19.88511120294714,10.133149261204254,38.613301975950435,41.81802615115614,0.6925317684547954
1D32,B_PA2_to_C2,191,88.18412342149847,149.97503436988703,-80.74515793431173,117.29,166.06,-51.8,3.010295994605048,0.09407174983140774,0.9797788700962435,-19.983746264753734,10.018730323620076,38.83488156836673,42.00048431477412,0.6806462658274121
1D32,B_PA2_to_C2,192,89.17884914419898,149.83387543735915,-80.33645709844214,118.39,165.27,-51.8,2.976384235880186,0.09301200737125581,0.9773985348361337,-20.082150366152813,9.905866749382541,39.05805512809548,42.18551381484225,0.6690545814172472
1D32,B_PA2_to_C2,193,90.17183608422484,149.6912608544792,-79.92404961156332,119.48,164.48,-51.8,2.9436302661764726,0.09198844581801477,0.9748717310597955,-20.17826508646575,9.796856475948424,39.28259793827965,42.37354158484493,0.6578912388911208
1D32,B_PA2_to_C2,194,91.16307814813736,149.54720170457475,-79.50796240030589,120.57,163.68,-51.8,2.911394956630275,0.0909810923946961,0.9721319152362817,-20.273907772722865,9.68957238367957,39.50828390334307,42.56361150738368,0.6470060934141733
1D32,B_PA2_to_C2,195,92.15256960558916,149.401708646659,-79.08822264474281,121.66,162.88,-51.8,2.880041880350661,0.09000130876095816,0.9692033570744834,-20.367954217008265,9.58522450007467,39.734885776649485,42.75582367240753,0.6364661685952768
1D32,B_PA2_to_C2,196,93.1403041376118,149.25479060283303,-78.66485599380155,122.74,162.07,-51.8,2.8495181872818116,0.08904744335255661,0.9660883840648142,-20.460501614872257,9.483636931979767,39.962175389320706,42.949848856142694,0.6262503662279384
1D32,B_PA2_to_C2,197,94.12627702596647,149.10645912989588,-78.23789021098143,123.81,161.25,-51.8,2.819823832145298,0.08811949475454056,0.9627841790720347,-20.55149074529263,9.384809528701252,40.18992387998328,43.14541877908559,0.6163501013843039
1D32,B_PA2_to_C2,198,95.110483,148.956723,-77.807352,124.88,160.42,-51.8,2.791589502847051,0.08723717196397035,0.9593704707576522,-20.63889914786582,9.29084131706546,40.417901925212554,43.34293018573304,0.6068900517444895
