condition,scan_id,pa_x,pa_y,pa_z,focus_x,focus_y,focus_z,beam_amplitude,edm_response,beam_dB,edm_response_dB
B_PA2_to_C2,0,-101.06726394213628,127.25995023257298,-92.69688896,-123.81,161.25,-51.8,0.3465782896203845,0.3465782896203845,0.0,0.0
B_PA2_to_C2,1,-100.07751745712665,127.90456797971204,-92.79835192,-122.74,162.07,-51.8,0.34572099836124415,0.34572099836124415,-0.021511913127844118,-0.021511913127844118
B_PA2_to_C2,2,-99.08546622281108,128.54498107697844,-92.89139934,-121.66,162.88,-51.8,0.34493849038639124,0.34493849038639124,-0.041193915415404625,-0.041193915415404625
B_PA2_to_C2,3,-98.09102665230505,129.1811748035131,-92.97612393999998,-120.57,163.68,-51.8,0.3442292124841355,0.3442292124841355,-0.05907261672778079,-0.05907261672778079
B_PA2_to_C2,4,-97.09459468724684,129.81129349959517,-93.06773051,-119.48,164.48,-51.8,0.343465669243141,0.343465669243141,-0.07836040038479608,-0.07836040038479608
B_PA2_to_C2,5,-96.10121291813448,130.43305080786894,-93.15701946,-118.39,165.27,-51.8,0.3427246266739059,0.3427246266739059,-0.09712084195341107,-0.09712084195341107
B_PA2_to_C2,6,-95.10038270872526,131.052720776527,-93.24742108,-117.29,166.06,-51.8,0.3419774319700622,0.3419774319700622,-0.1160781482155154,-0.1160781482155154
B_PA2_to_C2,7,-94.10196282564084,131.66590235193462,-93.32051889,-116.18,166.83,-51.8,0.34137568030922905,0.34137568030922905,-0.13137550992382377,-0.13137550992382377
B_PA2_to_C2,8,-93.10156424688412,132.27287594314078,-93.40069547,-115.07,167.6,-51.8,0.34071818605051113,0.34071818605051113,-0.14812078390839345,-0.14812078390839345
B_PA2_to_C2,9,-92.09851964585609,132.87549962758467,-93.47297638,-113.95,168.36,-51.8,0.3401276085374314,0.3401276085374314,-0.16318937191659938,-0.16318937191659938
B_PA2_to_C2,10,-91.0935254159968,133.47180084380142,-93.55246616,-112.83,169.12,-51.8,0.3394804015061199,0.3394804015061199,-0.1797329395712295,-0.1797329395712295
B_PA2_to_C2,11,-90.09067323036084,134.06172646453413,-93.61482263,-111.7,169.86,-51.8,0.33897440156868114,0.33897440156868114,-0.19268902863844337,-0.19268902863844337
B_PA2_to_C2,12,-89.08586024753987,134.64530247794522,-93.68446651,-110.57,170.6,-51.8,0.3384111402984058,0.3384111402984058,-0.2071340560451771,-0.2071340560451771
B_PA2_to_C2,13,-88.07821003446828,135.22445870700074,-93.74650219999998,-109.43,171.33,-51.8,0.3379109872485791,0.3379109872485791,-0.2199808188758937,-0.2199808188758937
B_PA2_to_C2,14,-87.06863298333616,135.79714571340764,-93.81596148,-108.29,172.06,-51.8,0.33735270280824364,0.33735270280824364,-0.23434320267256747,-0.23434320267256747
B_PA2_to_C2,15,-86.06674050486093,136.35975562465524,-93.87386037,-107.15,172.77,-51.8,0.3368886911674251,0.3368886911674251,-0.24629842991082254,-0.24629842991082254
B_PA2_to_C2,16,-85.05711484783701,136.91970213652166,-93.93383223,-106.0,173.48,-51.8,0.33640944461526684,0.33640944461526684,-0.25866348230958114,-0.25866348230958114
B_PA2_to_C2,17,-84.04445481020291,137.47514817557197,-93.98650077,-104.84,174.18,-51.8,0.33598972717936365,0.33598972717936365,-0.2695071000706961,-0.2695071000706961
B_PA2_to_C2,18,-83.02989620714543,138.02397030722034,-94.04681895,-103.68,174.88,-51.8,0.33551030203324156,0.33551030203324156,-0.2819098831990105,-0.2819098831990105
B_PA2_to_C2,19,-82.02284923118857,138.56292889870124,-94.0955844,-102.52,175.56,-51.8,0.33512365436137803,0.33512365436137803,-0.2919254195335669,-0.2919254195335669
B_PA2_to_C2,20,-81.00797007779987,139.09895099755246,-94.14684997,-101.35,176.24,-51.8,0.33471817856047315,0.33471817856047315,-0.30244109148667975,-0.30244109148667975
B_PA2_to_C2,21,-79.98985380282676,139.6303791896473,-94.1911362,-100.17,176.91,-51.8,0.33436866328871284,0.33436866328871284,-0.31151570232516596,-0.31151570232516596
B_PA2_to_C2,22,-78.97445360186921,140.15358025375622,-94.23360183,-98.99,177.57,-51.8,0.33403423778263347,0.33403423778263347,-0.32020741588802887,-0.32020741588802887
B_PA2_to_C2,23,-77.96176675772058,140.66861322988618,-94.27421583999998,-97.81,178.22,-51.8,0.333715048351826,0.333715048351826,-0.3285112641686909,-0.3285112641686909
B_PA2_to_C2,24,-76.9411542991823,141.18042021534526,-94.31777737,-96.62,178.87,-51.8,0.3333733702664158,0.3333733702664158,-0.33740897043464607,-0.33740897043464607
B_PA2_to_C2,25,-75.9232444531395,141.68402052323444,-94.35958453,-95.43,179.51,-51.8,0.3330460808116498,0.3330460808116498,-0.3459405350753766,-0.3459405350753766
B_PA2_to_C2,26,-74.90803295846294,142.1794737384366,-94.39960685,-94.24,180.14,-51.8,0.33273333130046695,0.33273333130046695,-0.35410091939752775,-0.35410091939752775
B_PA2_to_C2,27,-73.88930250705718,142.67027920054565,-94.43303936,-93.04,180.76,-51.8,0.3324725513326068,0.3324725513326068,-0.3609111602442403,-0.3609111602442403
B_PA2_to_C2,28,-72.86256143441832,143.15755314239664,-94.46988598,-91.83,181.38,-51.8,0.33218561673788227,0.33218561673788227,-0.3684106013033388,-0.3684106013033388
B_PA2_to_C2,29,-71.84906988089436,143.63215031348173,-94.49989358,-90.63,181.98,-51.8,0.3319522760622937,0.3319522760622937,-0.37451406704923884,-0.37451406704923884
B_PA2_to_C2,30,-70.82124947390368,144.10650975148727,-94.52880876,-89.40999999999998,182.58,-51.8,0.33172779406265523,0.33172779406265523,-0.38038986786568285,-0.38038986786568285
B_PA2_to_C2,31,-69.80230898618166,144.569419919906,-94.56072751,-88.2,183.17,-51.8,0.33148031780692416,0.33148031780692416,-0.38687215150069654,-0.38687215150069654
B_PA2_to_C2,32,-68.77959137778046,145.02757896515322,-94.58645539,-86.98,183.75,-51.8,0.33128113662296177,0.33128113662296177,-0.39209293138280676,-0.39209293138280676
B_PA2_to_C2,33,-67.75518633892153,145.47862928269154,-94.62058292,-85.76,184.33,-51.8,0.33101723400404526,0.33101723400404526,-0.39901497512043715,-0.39901497512043715
B_PA2_to_C2,34,-66.73110119093552,145.9239363184515,-94.63870817,-84.53,184.89,-51.8,0.33087722989994905,0.33087722989994905,-0.4026894588380345,-0.4026894588380345
B_PA2_to_C2,35,-65.70531941137486,146.362086083332,-94.66534497,-83.29999999999998,185.45,-51.8,0.3306717657863872,0.3306717657863872,-0.40808479216632987,-0.40808479216632987
B_PA2_to_C2,36,-64.67553897289534,146.79533630202036,-94.68618823,-82.06,186.0,-51.8,0.330511120530242,0.330511120530242,-0.41230555172345074,-0.41230555172345074
B_PA2_to_C2,37,-63.648181633916536,147.22055125649797,-94.70559865,-80.81999999999998,186.54,-51.8,0.33036173194143725,0.33036173194143725,-0.41623239729682293,-0.41623239729682293
B_PA2_to_C2,38,-62.61922779818277,147.63847542402297,-94.73368904,-79.58,187.08,-51.8,0.3301457068371233,0.3301457068371233,-0.4219139995676355,-0.4219139995676355
B_PA2_to_C2,39,-61.59671464743397,148.04774852914096,-94.75018278,-78.34,187.6,-51.8,0.330018970223156,0.330018970223156,-0.42524898640894127,-0.42524898640894127
B_PA2_to_C2,40,-60.566037501523134,148.45271926934734,-94.7713218,-77.09,188.12,-51.8,0.3298567420416125,0.3298567420416125,-0.4295197788726412,-0.4295197788726412
B_PA2_to_C2,41,-59.53774555123205,148.84971724342887,-94.79109671,-75.84,188.63,-51.8,0.32970507876012456,0.32970507876012456,-0.4335143416469633,-0.4335143416469633
B_PA2_to_C2,42,-58.5051388002602,149.2416825545593,-94.80556977,-74.58,189.13,-51.8,0.32959416010428605,0.32959416010428605,-0.4364369211244237,-0.4364369211244237
B_PA2_to_C2,43,-57.474820273398045,149.6257091301033,-94.81875198999998,-73.31999999999998,189.62,-51.8,0.3294932159383319,0.3294932159383319,-0.43909753919665695,-0.43909753919665695
B_PA2_to_C2,44,-56.44677002416326,150.00185390579003,-94.83062015,-72.06,190.1,-51.8,0.32940241496947326,0.32940241496947326,-0.44149150620002514,-0.44149150620002514
B_PA2_to_C2,45,-55.41050915712752,150.37329735342556,-94.84773718,-70.79,190.58,-51.8,0.3292714893562428,0.3292714893562428,-0.44494452121951905,-0.44494452121951905
B_PA2_to_C2,46,-54.38014683603681,150.73647558124253,-94.85333012,-69.52,191.04,-51.8,0.32922873289813015,0.32922873289813015,-0.4460724718699578,-0.4460724718699578
B_PA2_to_C2,47,-53.34834076633671,151.09213428069904,-94.86802828,-68.25,191.5,-51.8,0.32911648003302507,0.32911648003302507,-0.4490344923666722,-0.4490344923666722
B_PA2_to_C2,48,-52.31875257280349,151.43996288809893,-94.88149583,-66.98,191.95,-51.8,0.32901363430673064,0.32901363430673064,-0.4517491732972295,-0.4517491732972295
B_PA2_to_C2,49,-51.28446896481872,151.78259888883483,-94.89023741,-65.7,192.39,-51.8,0.3289469061067195,0.3289469061067195,-0.45351096218100206,-0.45351096218100206
B_PA2_to_C2,50,-50.25229569012038,152.1174270694923,-94.89783392,-64.42,192.82,-51.8,0.3288889970538416,0.3288889970538416,-0.4550401935325433,-0.4550401935325433
B_PA2_to_C2,51,-49.21883046403274,152.44460810982224,-94.9147187,-63.14,193.25,-51.8,0.32876025186576685,0.32876025186576685,-0.45844099270070765,-0.45844099270070765
B_PA2_to_C2,52,-48.183877235460685,152.76638581674803,-94.91670897,-61.85,193.66,-51.8,0.3287450645097787,0.3287450645097787,-0.4588422539369147,-0.4588422539369147
B_PA2_to_C2,53,-47.14762972445819,153.08044808439766,-94.92812357,-60.56,194.07,-51.8,0.3286581455418582,0.3286581455418582,-0.4611390743833863,-0.4611390743833863
B_PA2_to_C2,54,-46.113434887340645,153.38674228204445,-94.93848943,-59.27,194.47,-51.8,0.3285792117606179,0.3285792117606179,-0.46322541384126054,-0.46322541384126054
B_PA2_to_C2,55,-45.08126271044291,153.68532163881264,-94.94778745,-57.98,194.86,-51.8,0.3285084282085897,0.3285084282085897,-0.465096756676179,-0.465096756676179
B_PA2_to_C2,56,-44.044002228624336,153.97849283735448,-94.95298846,-56.68,195.24,-51.8,0.32846883989461484,0.32846883989461484,-0.4661435500532227,-0.4661435500532227
B_PA2_to_C2,57,-43.00864806727299,154.26395685889787,-94.95721993,-55.38,195.61,-51.8,0.32843668906888834,0.32843668906888834,-0.46699377436080813,-0.46699377436080813
B_PA2_to_C2,58,-41.97219328655152,154.54158801189269,-94.97106637,-54.08,195.98,-51.8,0.3283313934142004,0.3283313934142004,-0.46977888669563755,-0.46977888669563755
B_PA2_to_C2,59,-40.93345458063729,154.81385604495586,-94.97052254,-52.77,196.33,-51.8,0.3283355197916108,0.3283355197916108,-0.4696697255423313,-0.4696697255423313
B_PA2_to_C2,60,-39.90079758340698,155.07615987177672,-94.98247281,-51.47,196.68,-51.8,0.3282447056972659,0.3282447056972659,-0.47207248205393154,-0.47207248205393154
B_PA2_to_C2,61,-38.865613156476606,155.33317426795867,-94.98009932,-50.16,197.01,-51.8,0.32826272091877595,0.32826272091877595,-0.4715957830265115,-0.4715957830265115
B_PA2_to_C2,62,-37.82938088352565,155.58230190222093,-94.9874912,-48.85,197.34,-51.8,0.32820660396046547,0.32820660396046547,-0.4730807746001409,-0.4730807746001409
B_PA2_to_C2,63,-36.794913592463125,155.82384225409396,-94.99399237,-47.54,197.66,-51.8,0.32815726309927734,0.32815726309927734,-0.47438666390100775,-0.47438666390100775
B_PA2_to_C2,64,-35.75230367802596,156.05929786860338,-95.00784574,-46.22,197.98,-51.8,0.3280520946241619,0.3280520946241619,-0.477170780784822,-0.477170780784822
B_PA2_to_C2,65,-34.713995535017084,156.28751415927476,-95.01022511,-44.9,198.28,-51.8,0.32803399476665934,0.32803399476665934,-0.47765002693045433,-0.47765002693045433
B_PA2_to_C2,66,-33.6772876205929,156.50817648187703,-95.01181216,-43.58,198.57,-51.8,0.3280219881853816,0.3280219881853816,-0.47796795053036245,-0.47796795053036245
B_PA2_to_C2,67,-32.63974209857647,156.72083583532765,-95.02335617,-42.26,198.86,-51.8,0.3279344733522309,0.3279344733522309,-0.4802856171180775,-0.4802856171180775
B_PA2_to_C2,68,-31.60384641377884,156.92596480524907,-95.03411305,-40.94,199.14,-51.8,0.32785287868433255,0.32785287868433255,-0.4824470564379297,-0.4824470564379297
B_PA2_to_C2,69,-30.5718157862406,157.12416055413155,-95.03327698,-39.62,199.4,-51.8,0.32785920124890716,0.32785920124890716,-0.4822795527429181,-0.4822795527429181
B_PA2_to_C2,70,-29.53162308836679,157.31591409419383,-95.04038364,-38.29,199.66,-51.8,0.32780537620799494,0.32780537620799494,-0.4837056427964373,-0.4837056427964373
B_PA2_to_C2,71,-28.492908147599813,157.50015450705928,-95.04681074,-36.96,199.91,-51.8,0.3277566831761785,0.3277566831761785,-0.4849959624396317,-0.4849959624396317
B_PA2_to_C2,72,-27.455624993246065,157.67692161444143,-95.05254668,-35.63,200.15,-51.8,0.3277132834551011,0.3277132834551011,-0.4861461758966703,-0.4861461758966703
B_PA2_to_C2,73,-26.417750284294744,157.84558857043692,-95.06842734,-34.3,200.39,-51.8,0.32759306991261483,0.32759306991261483,-0.4893329650049506,-0.4893329650049506
B_PA2_to_C2,74,-25.383259478362763,158.00749812419178,-95.07276046,-32.97,200.61,-51.8,0.32756023012685254,0.32756023012685254,-0.4902037314502712,-0.4902037314502712
B_PA2_to_C2,75,-24.342573476204237,158.16329226423278,-95.07471895,-31.63,200.82,-51.8,0.32754544958856724,0.32754544958856724,-0.49059567469953436,-0.49059567469953436
B_PA2_to_C2,76,-23.308831314313515,158.30972041603394,-95.08855192,-30.3,201.03,-51.8,0.3274408872043925,0.3274408872043925,-0.49336891525718346,-0.49336891525718346
B_PA2_to_C2,77,-22.268909043253355,158.4499415680276,-95.10016279,-28.96,201.23,-51.8,0.3273530773876701,0.3273530773876701,-0.49569852250161317,-0.49569852250161317
B_PA2_to_C2,78,-21.23184651613896,158.58352907671264,-95.10029003,-27.62,201.41,-51.8,0.32735211045476764,0.32735211045476764,-0.49572417885086645,-0.49572417885086645
B_PA2_to_C2,79,-20.19430012567205,158.70896974182116,-95.11072037,-26.28,201.59,-51.8,0.32727336119671835,0.32727336119671835,-0.4978139458929867,-0.4978139458929867
B_PA2_to_C2,80,-19.15790057254508,158.8270573174106,-95.12055218,-24.94,201.76,-51.8,0.32719917375834945,0.32719917375834945,-0.49978311608897463,-0.49978311608897463
B_PA2_to_C2,81,-18.12121263081032,158.9369806649743,-95.1407063,-23.6,201.93,-51.8,0.3270471053646159,0.3270471053646159,-0.5038208900934809,-0.5038208900934809
B_PA2_to_C2,82,-17.087021206678763,159.04043440275342,-95.14932429,-22.26,202.08,-51.8,0.3269820666287433,0.3269820666287433,-0.5055483949450738,-0.5055483949450738
B_PA2_to_C2,83,-16.04622962954803,159.13740145823894,-95.15627474,-20.91,202.22,-51.8,0.32692971944638716,0.32692971944638716,-0.5069390468937386,-0.5069390468937386
B_PA2_to_C2,84,-15.012787654632634,159.22540160124373,-95.1746673,-19.57,202.36,-51.8,0.32679116613705644,0.32679116613705644,-0.5106209202999441,-0.5106209202999441
B_PA2_to_C2,85,-13.9738417645951,159.30772185095043,-95.18058852,-18.22,202.48,-51.8,0.32674657661194134,0.32674657661194134,-0.5118061607824158,-0.5118061607824158
B_PA2_to_C2,86,-12.934696662279215,159.3818151061698,-95.19698282,-16.87,202.6,-51.8,0.3266232626250844,0.3266232626250844,-0.5150848297048681,-0.5150848297048681
B_PA2_to_C2,87,-11.904062908449497,159.4480551057709,-95.2136303,-15.53,202.71,-51.8,0.3264980335891982,0.3264980335891982,-0.5184156829623666,-0.5184156829623666
B_PA2_to_C2,88,-10.867494001970242,159.508542064274,-95.21800348,-14.18,202.8,-51.8,0.32646515780741325,0.32646515780741325,-0.5192903277091234,-0.5192903277091234
B_PA2_to_C2,89,-9.830788316601897,159.56083041001696,-95.23284711,-12.83,202.89,-51.8,0.3263537483222132,0.3263537483222132,-0.5222549799071212,-0.5222549799071212
B_PA2_to_C2,90,-8.794124828626913,159.60491201213898,-95.2581659,-11.48,202.98,-51.8,0.3261637205973275,0.3261637205973275,-0.5273140318767928,-0.5273140318767928
B_PA2_to_C2,91,-7.758880587582189,159.6427071228763,-95.27200573,-10.13,203.05,-51.8,0.3260598842021637,0.3260598842021637,-0.5300796830117426,-0.5300796830117426
B_PA2_to_C2,92,-6.724238042945132,159.67328470192075,-95.28533538,-8.779999999999998,203.11,-51.8,0.3259599896533412,0.3259599896533412,-0.5327411756075882,-0.5327411756075882
B_PA2_to_C2,93,-5.690136845382677,159.69665881387945,-95.29815112,-7.429999999999999,203.16,-51.8,0.3258640544546459,0.3258640544546459,-0.5352979470609354,-0.5352979470609354
B_PA2_to_C2,94,-4.6561569405006695,159.71186714412633,-95.32143025,-6.08,203.21,-51.8,0.3256898501665585,0.3256898501665585,-0.539942595020615,-0.539942595020615
B_PA2_to_C2,95,-3.623035609109431,159.7208673058525,-95.33320894,-4.73,203.24,-51.8,0.32560177407702,0.32560177407702,-0.5422918320433859,-0.5422918320433859
B_PA2_to_C2,96,-2.590072959507164,159.72171951744016,-95.35544418,-3.38,203.27,-51.8,0.32543569987090953,0.32543569987090953,-0.5467232275160498,-0.5467232275160498
B_PA2_to_C2,97,-1.5575664626741164,159.71540891513564,-95.37715206,-2.03,203.29,-51.8,0.3252736729329221,0.3252736729329221,-0.5510488087652462,-0.5510488087652462
B_PA2_to_C2,98,-0.5254540393079976,159.7019442156427,-95.3983297,-0.68,203.3,-51.8,0.32511575936319115,0.32511575936319115,-0.5552666505624181,-0.5552666505624181
B_PA2_to_C2,99,0.5139682198166667,159.6811493924184,-95.4191666,0.68,203.3,-51.8,0.3249605355100512,0.3249605355100512,-0.5594146476323779,-0.5594146476323779
B_PA2_to_C2,100,1.5454766983507184,159.6533354493028,-95.43935444,2.03,203.29,-51.8,0.32481028845760523,0.32481028845760523,-0.5634315387918815,-0.5634315387918815
B_PA2_to_C2,101,2.5767778465787874,159.61838291646686,-95.4590064,3.38,203.27,-51.8,0.3246641625179302,0.3246641625179302,-0.5673400337443348,-0.5673400337443348
B_PA2_to_C2,102,3.6079343454343777,159.57629336716622,-95.47812162,4.73,203.24,-51.8,0.324522208710749,0.324522208710749,-0.5711386197195658,-0.5711386197195658
B_PA2_to_C2,103,4.638647632848867,159.52611858691432,-95.5076537,6.08,203.21,-51.8,0.3243030590148579,0.3243030590148579,-0.5770061783360337,-0.5770061783360337
B_PA2_to_C2,104,5.669623214271551,159.4697611435249,-95.52568922,7.429999999999999,203.16,-51.8,0.3241693642000895,0.3241693642000895,-0.5805876981698481,-0.5805876981698481
B_PA2_to_C2,105,6.700121925251263,159.40533282652552,-95.55412924,8.779999999999998,203.11,-51.8,0.3239588303650036,0.3239588303650036,-0.5862306365153417,-0.5862306365153417
B_PA2_to_C2,106,7.730567856329178,159.3337793776481,-95.58201937,10.13,203.05,-51.8,0.32375257347857284,0.32375257347857284,-0.5917624971636283,-0.5917624971636283
B_PA2_to_C2,107,8.761023693413758,159.2550967892871,-95.60935965,11.48,202.98,-51.8,0.3235505817087432,0.3235505817087432,-0.5971833830759734,-0.5971833830759734
B_PA2_to_C2,108,9.79230860576119,159.17017038819276,-95.62523326,12.83,202.89,-51.8,0.32343345187986944,0.32343345187986944,-0.600328365719192,-0.600328365719192
B_PA2_to_C2,109,10.823049629380392,159.0771956622319,-95.65148498,14.18,202.8,-51.8,0.32324004852999744,0.32324004852999744,-0.6055238165970811,-0.6055238165970811
B_PA2_to_C2,110,11.853073525555008,158.97620771119838,-95.68808923,15.53,202.71,-51.8,0.32297059759042607,0.32297059759042607,-0.6127673408988841,-0.6127673408988841
B_PA2_to_C2,111,12.876635432507706,158.8698261914691,-95.71212887,16.87,202.6,-51.8,0.322793824239013,0.322793824239013,-0.6175227402605517,-0.6175227402605517
B_PA2_to_C2,112,13.908082414322577,158.75543431776583,-95.73666211,18.22,202.48,-51.8,0.32261374097249024,0.32261374097249024,-0.6223698585888245,-0.6223698585888245
B_PA2_to_C2,113,14.9387643683921,158.6330464692757,-95.7715227,19.57,202.36,-51.8,0.32235810718747226,0.32235810718747226,-0.6292551419295821,-0.6292551419295821
B_PA2_to_C2,114,15.963436856744876,158.50534351485072,-95.79363225,20.91,202.22,-51.8,0.32219618766936375,0.32219618766936375,-0.6336191345531557,-0.6336191345531557
B_PA2_to_C2,115,16.994841794887016,158.36864581731396,-95.82731397,22.26,202.08,-51.8,0.3219498936540916,0.3219498936540916,-0.6402613630831404,-0.6402613630831404
B_PA2_to_C2,116,18.019165753001197,158.2259284505152,-95.85895574,23.6,201.93,-51.8,0.32171874045886095,0.32171874045886095,-0.6464998874516235,-0.6464998874516235
B_PA2_to_C2,117,19.045432453321972,158.07682644507008,-95.87908323,24.94,201.76,-51.8,0.3215719124779439,0.3215719124779439,-0.6504649121394511,-0.6504649121394511
B_PA2_to_C2,118,20.070883434314517,157.91985810902702,-95.90934619,26.28,201.59,-51.8,0.3213514575772271,0.3213514575772271,-0.6564216002986628,-0.6564216002986628
B_PA2_to_C2,119,21.09694961558373,157.75574351200487,-95.93892042,27.62,201.41,-51.8,0.32113631689651523,0.32113631689651523,-0.6622386394810704,-0.6622386394810704
B_PA2_to_C2,120,22.1220220283788,157.5838169518908,-95.97858347,28.96,201.23,-51.8,0.3208481599599882,0.3208481599599882,-0.6700360227743795,-0.6700360227743795
B_PA2_to_C2,121,23.14942010709897,157.405365420467,-96.00678155,30.3,201.03,-51.8,0.3206435450471498,0.3206435450471498,-0.6755770534615029,-0.6755770534615029
B_PA2_to_C2,122,24.170220654329302,157.22120045361947,-96.03238214,31.63,200.82,-51.8,0.3204581154487063,0.3204581154487063,-0.6806015953457935,-0.6806015953457935
B_PA2_to_C2,123,25.19738627681331,157.02777733597077,-96.0698956,32.97,200.61,-51.8,0.32018676832138193,0.32018676832138193,-0.6879594667725191,-0.6879594667725191
B_PA2_to_C2,124,26.21796245385821,156.82875000829532,-96.10464797,34.3,200.39,-51.8,0.3199356833373916,0.3199356833373916,-0.694773464834647,-0.694773464834647
B_PA2_to_C2,125,27.241414243584373,156.6230790605897,-96.12788307,35.63,200.15,-51.8,0.3197680704401766,0.3197680704401766,-0.6993251566196188,-0.6993251566196188
B_PA2_to_C2,126,28.263820635326816,156.4097097568513,-96.16100525,36.96,199.91,-51.8,0.31952949410927406,0.31952949410927406,-0.7058080462521883,-0.7058080462521883
B_PA2_to_C2,127,29.287189223265948,156.1891376404356,-96.19331567,38.29,199.66,-51.8,0.3192970559708809,0.3192970559708809,-0.7121287982829266,-0.7121287982829266
B_PA2_to_C2,128,30.311573262117754,155.9613297060287,-96.22482285,39.62,199.4,-51.8,0.3190707643344806,0.3190707643344806,-0.7182868288089006,-0.7182868288089006
B_PA2_to_C2,129,31.327490088262778,155.7277576000829,-96.26372833,40.94,199.14,-51.8,0.3187917162902872,0.3187917162902872,-0.7258865254326352,-0.7258865254326352
B_PA2_to_C2,130,32.346799557316906,155.48737910086453,-96.29107536,42.26,198.86,-51.8,0.3185958183929073,0.3185958183929073,-0.7312256557982554,-0.7312256557982554
B_PA2_to_C2,131,33.36732440690331,155.2397583375813,-96.31750875,43.58,198.57,-51.8,0.3184067886247691,0.3184067886247691,-0.7363807108465831,-0.7363807108465831
B_PA2_to_C2,132,34.386623431911964,154.9845990317281,-96.35359505,44.9,198.28,-51.8,0.31814908153848426,0.31814908153848426,-0.7434136062690564,-0.7434136062690564
B_PA2_to_C2,133,35.40710780563987,154.72219281077383,-96.38874881,46.22,197.98,-51.8,0.31789833437408216,0.31789833437408216,-0.7502620337774331,-0.7502620337774331
B_PA2_to_C2,134,36.431444182147416,154.45268255668202,-96.41246791,47.54,197.66,-51.8,0.31772939260449673,0.31772939260449673,-0.7548792319837095,-0.7548792319837095
B_PA2_to_C2,135,37.44741134912878,154.17778788145057,-96.4429791,48.85,197.34,-51.8,0.3175123875053772,0.3175123875053772,-0.7608136099613166,-0.7608136099613166
B_PA2_to_C2,136,38.464756891919535,153.89561972920762,-96.47245793,50.16,197.01,-51.8,0.31730301974812175,0.31730301974812175,-0.766542977202401,-0.766542977202401
B_PA2_to_C2,137,39.480725248745216,153.60607009254798,-96.51136485,51.47,196.68,-51.8,0.3170270407179695,0.3170270407179695,-0.7741009464646798,-0.7741009464646798
B_PA2_to_C2,138,40.493885892413495,153.311565354177,-96.53576529999998,52.77,196.33,-51.8,0.3168542097089897,0.3168542097089897,-0.7788374522572795,-0.7788374522572795
B_PA2_to_C2,139,41.51268394428367,153.0074171322464,-96.5725397,54.08,195.98,-51.8,0.3165940938761323,0.3165940938761323,-0.7859709074469641,-0.7859709074469641
B_PA2_to_C2,140,42.52893320668015,152.6982334966001,-96.59474994,55.38,195.61,-51.8,0.316437186376447,0.316437186376447,-0.7902767965746489,-0.7902767965746489
B_PA2_to_C2,141,43.54379709680743,152.3817413858152,-96.62622177,56.68,195.24,-51.8,0.31621517652324177,0.31621517652324177,-0.7963728874951691,-0.7963728874951691
B_PA2_to_C2,142,44.56023711402857,152.05787785177182,-96.65656804,57.98,194.86,-51.8,0.3160013483749103,0.3160013483749103,-0.8022483674789864,-0.8022483674789864
B_PA2_to_C2,143,45.57141177251975,151.72911617363346,-96.68245169,59.27,194.47,-51.8,0.3158191920272704,0.3158191920272704,-0.8072567199307857,-0.8072567199307857
B_PA2_to_C2,144,46.584297836498095,151.39297268814192,-96.70711426,60.56,194.07,-51.8,0.3156458351341204,0.3156458351341204,-0.8120258166026808,-0.8120258166026808
B_PA2_to_C2,145,47.598933361388,151.04939742262195,-96.73057258,61.85,193.66,-51.8,0.3154811547727962,0.3154811547727962,-0.81655864596779,-0.81655864596779
B_PA2_to_C2,146,48.61204819606222,150.69865498336085,-96.76307759,63.14,193.25,-51.8,0.3152531912881645,0.3152531912881645,-0.8228372504788755,-0.8228372504788755
B_PA2_to_C2,147,49.62347070165551,150.34279584900577,-96.78055304,64.42,192.82,-51.8,0.3151307607642079,0.3151307607642079,-0.8262111245419003,-0.8262111245419003
B_PA2_to_C2,148,50.63339707567118,149.97983750061448,-96.80693732,65.7,192.39,-51.8,0.31494614944884824,0.31494614944884824,-0.8313010223973717,-0.8313010223973717
B_PA2_to_C2,149,51.64516879572696,149.60941285635778,-96.83201492,66.98,191.95,-51.8,0.3147708383461707,0.3147708383461707,-0.8361372677553257,-0.8361372677553257
B_PA2_to_C2,150,52.65213948655098,149.23427578309725,-96.85202211,68.25,191.5,-51.8,0.314631111347227,0.314631111347227,-0.8399937963625606,-0.8399937963625606
B_PA2_to_C2,151,53.66108006832015,148.85164481177503,-96.87064072,69.52,191.04,-51.8,0.31450123037070893,0.31450123037070893,-0.8435801064895079,-0.8435801064895079
B_PA2_to_C2,152,54.668417816145286,148.46205129353558,-96.8979713,70.79,190.58,-51.8,0.314310731999248,0.314310731999248,-0.8488428813105366,-0.8488428813105366
B_PA2_to_C2,153,55.68134237237944,148.06431538834596,-96.91384717,72.06,190.1,-51.8,0.31420016746297946,0.31420016746297946,-0.8518988390374129,-0.8518988390374129
B_PA2_to_C2,154,56.686069827335686,147.66255813652572,-96.93440551,73.31999999999998,189.62,-51.8,0.3140571399680404,0.3140571399680404,-0.8558536551390892,-0.8558536551390892
B_PA2_to_C2,155,57.69285282594426,147.25325531773214,-96.95348807,74.58,189.13,-51.8,0.31392448073082535,0.31392448073082535,-0.8595233915551881,-0.8595233915551881
B_PA2_to_C2,156,58.701718741148845,146.8363513897366,-96.97111631,75.84,188.63,-51.8,0.3138020225549777,0.3138020225549777,-0.8629123139875448,-0.8629123139875448
B_PA2_to_C2,157,59.70622553618212,146.41485599607034,-96.98312352,77.09,188.12,-51.8,0.3137186644274339,0.3137186644274339,-0.865219933530803,-0.865219933530803
B_PA2_to_C2,158,60.712927014151525,145.98571834324343,-96.99360729,78.34,187.6,-51.8,0.3136459346212161,0.3136459346212161,-0.8672338280795033,-0.8672338280795033
B_PA2_to_C2,159,61.71152933230825,145.55292852137737,-97.0081841,79.58,187.08,-51.8,0.3135448480680395,0.3135448480680395,-0.8700336991127546,-0.8700336991127546
B_PA2_to_C2,160,62.71630293913468,145.11158576261354,-97.01125251,80.81999999999998,186.54,-51.8,0.3135235759026429,0.3135235759026429,-0.8706230053957862,-0.8706230053957862
B_PA2_to_C2,161,63.71940877927599,144.6635034291312,-97.02259651,82.06,186.0,-51.8,0.31344498232375223,0.31344498232375223,-0.8728006430049574,-0.8728006430049574
B_PA2_to_C2,162,64.72477857885633,144.2077119615941,-97.03234654,83.29999999999998,185.45,-51.8,0.3133774450090709,0.3133774450090709,-0.8746723745782503,-0.8746723745782503
B_PA2_to_C2,163,65.72614971876327,143.74742171005573,-97.03600926,84.53,184.89,-51.8,0.3133520879221849,0.3133520879221849,-0.8753752259576152,-0.8753752259576152
B_PA2_to_C2,164,66.72578127381311,143.28052050644897,-97.04777618,85.76,184.33,-51.8,0.31327063591927673,0.31327063591927673,-0.8776333091235335,-0.8776333091235335
B_PA2_to_C2,165,67.72564239676552,142.80803146749236,-97.04350864,86.98,183.75,-51.8,0.31330016300642544,0.31330016300642544,-0.8768146657365876,-0.8768146657365876
B_PA2_to_C2,166,68.72378835295372,142.32897236537943,-97.04723592,88.2,183.17,-51.8,0.31327436990127777,0.31327436990127777,-0.8775297795916703,-0.8775297795916703
B_PA2_to_C2,167,69.71818233408675,141.845528673583,-97.04450063,89.40999999999998,182.58,-51.8,0.3132932970481523,0.3132932970481523,-0.8770050186835123,-0.8770050186835123
B_PA2_to_C2,168,70.7211866763248,141.35088619393284,-97.04473159,90.63,181.98,-51.8,0.313291699286505,0.313291699286505,-0.8770493158863415,-0.8770493158863415
B_PA2_to_C2,169,71.71015820890105,140.85664003299792,-97.04323968,91.83,181.38,-51.8,0.3133020222121336,0.3133020222121336,-0.8767631215320625,-0.8767631215320625
B_PA2_to_C2,170,72.71201184551718,140.3497389750281,-97.0351224,93.04,180.76,-51.8,0.3133582118716111,0.3133582118716111,-0.8752054762378982,-0.8752054762378982
B_PA2_to_C2,171,73.70601387928778,139.8398759220141,-97.0299081,94.24,180.14,-51.8,0.31339431771520204,0.31339431771520204,-0.8742047259951391,-0.8742047259951391
B_PA2_to_C2,172,74.69654769593639,139.3256928081772,-97.01785697,95.43,179.51,-51.8,0.31347779872197523,0.31347779872197523,-0.8718913137473133,-0.8718913137473133
B_PA2_to_C2,173,75.68968824272305,138.80364753572704,-97.00387759999998,96.62,178.87,-51.8,0.31357469072405125,0.31357469072405125,-0.8692070305088082,-0.8692070305088082
B_PA2_to_C2,174,76.68544525022392,138.27368049459716,-96.98799902,97.81,178.22,-51.8,0.31368481534516285,0.31368481534516285,-0.866157159423614,-0.866157159423614
B_PA2_to_C2,175,77.67345854672048,137.74102171860585,-96.97457748,98.99,177.57,-51.8,0.3137779595948766,0.3137779595948766,-0.8635783907326622,-0.8635783907326622
B_PA2_to_C2,176,78.66411014347905,137.20047054419211,-96.95916328,100.17,176.91,-51.8,0.31388500458304425,0.31388500458304425,-0.8606157148520979,-0.8606157148520979
B_PA2_to_C2,177,79.65740787968593,136.65196767981328,-96.94178614,101.35,176.24,-51.8,0.3140057754563621,0.3140057754563621,-0.8572743614721285,-0.8572743614721285
B_PA2_to_C2,178,80.64754321705742,136.0991558389293,-96.91720944,102.52,175.56,-51.8,0.3141767351574738,0.3141767351574738,-0.8525466363031413,-0.8525466363031413
B_PA2_to_C2,179,81.63004689986718,135.5439062502342,-96.8946638,103.68,174.88,-51.8,0.3143337392377736,0.3143337392377736,-0.8482071059432434,-0.8482071059432434
B_PA2_to_C2,180,82.61987899685661,134.97882563437653,-96.86069073,104.84,174.18,-51.8,0.3145706021534881,0.3145706021534881,-0.8416644090428738,-0.8416644090428738
B_PA2_to_C2,181,83.60788392549938,134.40760448196198,-96.83397555,106.0,173.48,-51.8,0.31475710720514055,0.31475710720514055,-0.8365161776240754,-0.8365161776240754
B_PA2_to_C2,182,84.59294055552819,133.83213458533032,-96.79975882,107.15,172.77,-51.8,0.31499631880362094,0.31499631880362094,-0.829917513579816,-0.829917513579816
B_PA2_to_C2,183,85.57047921593103,133.25446490034227,-96.76716779,108.29,172.06,-51.8,0.3152245148122987,0.3152245148122987,-0.823627383745573,-0.823627383745573
B_PA2_to_C2,184,86.55552985552967,132.66673571289243,-96.72314982,109.43,171.33,-51.8,0.3155332233020693,0.3155332233020693,-0.8151252031949368,-0.8151252031949368
B_PA2_to_C2,185,87.53874353700574,132.07300059474943,-96.68617223,110.57,170.6,-51.8,0.31579301558742034,0.31579301558742034,-0.8079766732978797,-0.8079766732978797
B_PA2_to_C2,186,88.51921431031867,131.4750654376182,-96.64140973,111.7,169.86,-51.8,0.3161080750407488,0.3161080750407488,-0.7993152802147224,-0.7993152802147224
B_PA2_to_C2,187,89.4978232044851,130.87123310812666,-96.60355614,112.83,169.12,-51.8,0.31637502646678006,0.31637502646678006,-0.7919831925830003,-0.7919831925830003
B_PA2_to_C2,188,90.4785392247624,130.26100908287546,-96.54866009,113.95,168.36,-51.8,0.3167629573157924,0.3167629573157924,-0.7813393043637263,-0.7813393043637263
B_PA2_to_C2,189,91.45741110585878,129.6449057834983,-96.50059878,115.07,167.6,-51.8,0.31710334333987855,0.31710334333987855,-0.772010662911462,-0.772010662911462
B_PA2_to_C2,190,92.4337368087845,129.0246417087771,-96.44448601,116.18,166.83,-51.8,0.31750167899922455,0.31750167899922455,-0.7611065574960107,-0.7611065574960107
B_PA2_to_C2,191,93.40819686155088,128.39860198601892,-96.39508293,117.29,166.06,-51.8,0.317853250072812,0.317853250072812,-0.7514939528964046,-0.7514939528964046
B_PA2_to_C2,192,94.3850334709045,127.76603142406633,-96.32848613,118.39,165.27,-51.8,0.3183284338469417,0.3183284338469417,-0.7385184313063293,-0.7385184313063293
B_PA2_to_C2,193,95.35465830662184,127.13175398858608,-96.26260892,119.48,164.48,-51.8,0.3187998123225012,0.3187998123225012,-0.7256659414406428,-0.7256659414406428
B_PA2_to_C2,194,96.32731653571804,126.48931505907314,-96.19430986,120.57,163.68,-51.8,0.31928996461065456,0.31928996461065456,-0.7123217078483495,-0.7123217078483495
B_PA2_to_C2,195,97.29810707414708,125.84121382985565,-96.13253329,121.66,162.88,-51.8,0.3197346373268548,0.3197346373268548,-0.7002333508439972,-0.7002333508439972
B_PA2_to_C2,196,98.26661365319823,125.18903848302617,-96.06230859,122.74,162.07,-51.8,0.3202417077586443,0.3202417077586443,-0.6864692210766077,-0.6864692210766077
B_PA2_to_C2,197,99.23291812447232,124.53279449132278,-95.98355049,123.81,161.25,-51.8,0.32081227166933474,0.32081227166933474,-0.6710076324198387,-0.6710076324198387
B_PA2_to_C2,198,100.20231826959248,123.86833004420504,-95.90229645,124.88,160.42,-51.8,0.321403029857965,0.321403029857965,-0.655027751951929,-0.655027751951929
