config,condition,scan_id,pa_x,pa_y,pa_z,focus_x,focus_y,focus_z,beam_sum,beam_mean,beam_max,beam_db,beam_percent
2D8x8,B_PA2_to_C2,0,-111.344089,143.730347,-72.942256,-123.81,161.25,-51.8,31.648613857396356,0.49450959152181806,1.1400968249804064,-7.547297472892173,41.94064704862855
2D8x8,B_PA2_to_C2,1,-110.38386537861794,143.92504987544245,-73.40755896180973,-122.74,162.07,-51.8,32.3491321958941,0.5054551905608453,1.142127845081762,-7.357138650768659,42.86897182513877
2D8x8,B_PA2_to_C2,2,-109.4218299609588,144.1185327097424,-73.86961573883003,-121.66,162.88,-51.8,33.081332470609865,0.5168958198532791,1.144136357836188,-7.162731464270966,43.839281407388796
2D8x8,B_PA2_to_C2,3,-108.45798450643372,144.31078641668583,-74.32840069786123,-120.57,163.68,-51.8,33.82498095263042,0.5285153273848503,1.1460480461954161,-6.969640130389337,44.824762119220466
2D8x8,B_PA2_to_C2,4,-107.49233079569572,144.50179958697743,-74.78388860572728,-119.48,164.48,-51.8,34.57610493591315,0.540251639623643,1.147848765964267,-6.778869992771281,45.82014934264095
2D8x8,B_PA2_to_C2,5,-106.5248704079047,144.69156262453677,-75.23605239698662,-118.39,165.27,-51.8,35.32417680721353,0.5519402626127115,1.149523168635911,-6.5929503473769735,46.81149191652382
2D8x8,B_PA2_to_C2,6,-105.55560598576687,144.8800661623952,-75.684866540274,-117.29,166.06,-51.8,36.09240002072887,0.5639437503238885,1.1511450322964858,-6.406076102380477,47.82953898796231
2D8x8,B_PA2_to_C2,7,-104.58453988214106,145.06729927392988,-76.1303048784166,-116.18,166.83,-51.8,36.86171371502233,0.575964276797224,1.1526759205293906,-6.222880907280402,48.849031161218996
2D8x8,B_PA2_to_C2,8,-103.61167478761368,145.25325172348178,-76.57234104120653,-115.07,167.6,-51.8,37.63619093651086,0.5880654833829821,1.1541227146996282,-6.042278081913618,49.87536602504627
2D8x8,B_PA2_to_C2,9,-102.63701375124135,145.4379140468565,-77.01094843943008,-113.95,168.36,-51.8,38.42104889807182,0.6003288890323721,1.155510516235486,-5.863007005310785,50.915457414118
2D8x8,B_PA2_to_C2,10,-101.6605600506468,145.62127561992435,-77.4461008038966,-112.83,169.12,-51.8,39.20983536651676,0.6126536776018243,1.156823289295408,-5.686490968686586,51.96075484859164
2D8x8,B_PA2_to_C2,11,-100.68231730915193,145.80332558276277,-77.877772044352,-111.7,169.86,-51.8,39.99886086498395,0.6249822010153743,1.158069364939574,-5.513438881614051,53.006369044925464
2D8x8,B_PA2_to_C2,12,-99.70228929415876,145.98405451638737,-78.30593509369717,-110.57,170.6,-51.8,40.79070378381928,0.6373547466221763,1.1592502719140727,-5.343167374693044,54.05571687818189
2D8x8,B_PA2_to_C2,13,-98.7204801590521,146.16345228221533,-78.73056335422048,-109.43,171.33,-51.8,41.59204618287818,0.6498757216074715,1.160388188333857,-5.174185611491746,55.117653393805185
2D8x8,B_PA2_to_C2,14,-97.73689414441262,146.34150742262747,-79.15163026818743,-108.29,172.06,-51.8,42.39493310072372,0.6624208296988081,1.1614672354889106,-5.0081122589453555,56.18163670103782
2D8x8,B_PA2_to_C2,15,-96.75153606554488,146.5182102967413,-79.56910911524014,-107.15,172.77,-51.8,43.17934428015525,0.6746772543774258,1.1624663857424322,-4.848870487242051,57.22113601578735
2D8x8,B_PA2_to_C2,16,-95.76441098545337,146.6935506411538,-79.98297329248382,-106.0,173.48,-51.8,43.981886264423835,0.6872169728816224,1.163444746111972,-4.688914321772391,58.284662218090475
2D8x8,B_PA2_to_C2,17,-94.7755246978455,146.8675188399196,-80.39319692783319,-104.84,174.18,-51.8,44.79300837848206,0.6998907559137821,1.1643908603789492,-4.530186716272178,59.3595587823551
2D8x8,B_PA2_to_C2,18,-93.78488196301028,147.04010262552612,-80.79975203414823,-103.68,174.88,-51.8,45.604966117195104,0.7125775955811735,1.165291754697569,-4.374148596660706,60.43556271387668
2D8x8,B_PA2_to_C2,19,-92.792435537956,147.21124955115144,-81.20249796185014,-102.52,175.56,-51.8,46.39739874068165,0.7249593553231508,1.1661292048645326,-4.224518692249974,61.48569202194749
2D8x8,B_PA2_to_C2,20,-91.79822993559468,147.38097891626882,-81.6014867311795,-101.35,176.24,-51.8,47.20495800442893,0.737577468819202,1.1669484296086046,-4.074639032586621,62.555867107791244
2D8x8,B_PA2_to_C2,21,-90.80229103355435,147.54929578769315,-81.9967325985091,-100.17,176.91,-51.8,48.019433123626996,0.7503036425566718,1.1677417574627993,-3.9260507677868377,63.635207064292764
2D8x8,B_PA2_to_C2,22,-89.80462601702506,147.71619055711744,-82.38820952039464,-98.99,177.57,-51.8,48.82187947289884,0.7628418667640444,1.168487855004656,-3.7821014599631675,64.6986065313884
2D8x8,B_PA2_to_C2,23,-88.80524149658001,147.88165129826228,-82.77589017906962,-97.81,178.22,-51.8,49.61181579080899,0.7751846217313905,1.1691900615797068,-3.6426888948116822,65.74542774288422
2D8x8,B_PA2_to_C2,24,-87.80414478986354,148.0456683441914,-83.15974727592672,-96.62,178.87,-51.8,50.41694612311835,0.7877647831737242,1.1698792565556864,-3.5028606273150342,66.81238401615684
2D8x8,B_PA2_to_C2,25,-86.8013441490417,148.20823110062227,-83.53975553399744,-95.43,179.51,-51.8,51.20857480560959,0.8001339813376498,1.1705278033019817,-3.3675375630173305,67.86144794406017
2D8x8,B_PA2_to_C2,26,-85.79684713155581,148.36932931117394,-83.91588687010773,-94.24,180.14,-51.8,51.98635404556457,0.8122867819619464,1.171138479437549,-3.236604141333948,68.89215863273948
2D8x8,B_PA2_to_C2,27,-84.79066219213736,148.52895259434032,-84.28811479164705,-93.04,180.76,-51.8,52.769663181964404,0.8245259872181938,1.17173220450591,-3.106704901174121,69.93019752340747
2D8x8,B_PA2_to_C2,28,-83.78279833852454,148.68709051038687,-84.65641348019483,-91.83,181.38,-51.8,53.566121357434156,0.8369706462099087,1.1723142202727617,-2.976587326649919,70.98566148075122
2D8x8,B_PA2_to_C2,29,-82.7732644843618,148.84373269838642,-85.0207559726652,-90.63,181.98,-51.8,54.320037094260485,0.8487505795978201,1.1728398220148066,-2.855190187723023,71.98474832749633
2D8x8,B_PA2_to_C2,30,-81.76207001190437,148.99886944655137,-85.38111544941161,-89.40999999999998,182.58,-51.8,55.10588813119088,0.8610295020498575,1.1733719814020818,-2.730431220126359,73.02615573703423
2D8x8,B_PA2_to_C2,31,-80.74922459345133,149.15248953395547,-85.73746566339398,-88.2,183.17,-51.8,55.85627287058781,0.8727542636029345,1.1738567466110896,-2.6129522825745175,74.02056331670043
2D8x8,B_PA2_to_C2,32,-79.73473816719762,149.3045824755824,-86.08977990629651,-86.98,183.75,-51.8,56.61036850885219,0.8845370079508155,1.1743276070277422,-2.4964717053893977,75.01988856828535
2D8x8,B_PA2_to_C2,33,-78.71862135234821,149.4551382571482,-86.4380323272578,-85.76,184.33,-51.8,57.35519028218106,0.8961748481590791,1.1747738902883684,-2.382936846203366,76.00692412219854
2D8x8,B_PA2_to_C2,34,-77.70088469592274,149.6041466734858,-86.78219602640094,-84.53,184.89,-51.8,58.095897048031574,0.9077483913754933,1.1752029592133344,-2.2714821055345444,76.98850648068807
2D8x8,B_PA2_to_C2,35,-76.68153940290324,149.75159744535128,-87.12224516612058,-83.29999999999998,185.45,-51.8,58.826340089501784,0.9191615638984654,1.1756087804836843,-2.162954757082894,77.95648738277328
2D8x8,B_PA2_to_C2,36,-75.66059697847993,149.8974803307656,-87.45815384885604,-82.06,186.0,-51.8,59.55848683583317,0.9306013568098933,1.176001196323863,-2.0555182370304417,78.92672602937076
2D8x8,B_PA2_to_C2,37,-74.63806924818577,150.0417851248658,-87.7898962109968,-80.81999999999998,186.54,-51.8,60.272916283514334,0.9417643169299115,1.176368373103569,-1.9519472414334895,79.87348576555868
2D8x8,B_PA2_to_C2,38,-73.61396815521526,150.18450169084596,-88.11744574553933,-79.58,187.08,-51.8,60.97539026258728,0.9527404728529263,1.1767141061396098,-1.85129957217652,80.80440215102492
2D8x8,B_PA2_to_C2,39,-72.58830630330328,150.32561996117698,-88.44077702518774,-78.34,187.6,-51.8,61.65391894416196,0.9633424835025306,1.1770345559511362,-1.7551776021519505,81.70358630090655
2D8x8,B_PA2_to_C2,40,-71.56109641508871,150.46512977948345,-88.7598640362138,-77.09,188.12,-51.8,62.33805158456451,0.9740320560088205,1.1773450879858738,-1.659326864569143,82.61019680002211
2D8x8,B_PA2_to_C2,41,-70.53235169037065,150.6030210563669,-89.07468130687656,-75.84,188.63,-51.8,63.00329601280032,0.984426500200005,1.1776336880265132,-1.5671259419891517,83.49177669768908
2D8x8,B_PA2_to_C2,42,-69.50208597534196,150.73928382249213,-89.3852044178836,-74.58,189.13,-51.8,63.66715785570963,0.994799341495463,1.1779097684428057,-1.4760820825870427,84.37152439747672
2D8x8,B_PA2_to_C2,43,-68.47031288272552,150.8739081752133,-89.69140715404404,-73.31999999999998,189.62,-51.8,64.31159868964684,1.004868729525732,1.1781648943950218,-1.3886052321295033,85.22553543510602
2D8x8,B_PA2_to_C2,44,-67.43704656234294,151.00688424031952,-89.9932640606525,-72.06,190.1,-51.8,64.93656414465516,1.014633814760237,1.178400003008392,-1.304605225346148,86.05373775967526
2D8x8,B_PA2_to_C2,45,-66.40230189331929,151.13820215259082,-90.29075113844432,-70.79,190.58,-51.8,65.56288164957581,1.024420025774622,1.1786238231866655,-1.2212306720964285,86.88373181668561
2D8x8,B_PA2_to_C2,46,-65.36609387181097,151.2678522055928,-90.58384371028332,-69.52,191.04,-51.8,66.16454338288875,1.0338209903576367,1.1788269392346822,-1.1418849511085758,87.6810521199774
2D8x8,B_PA2_to_C2,47,-64.32843764514975,151.39582463511093,-90.87251660833756,-68.25,191.5,-51.8,66.75008370942467,1.0429700579597605,1.17901245820911,-1.0653550511533607,88.4570083839274
2D8x8,B_PA2_to_C2,48,-63.28934886231595,151.5221097582287,-91.1567453525607,-66.98,191.95,-51.8,67.31516880798048,1.051799512624695,1.1791799212357132,-0.9921325602029375,89.20585744182793
2D8x8,B_PA2_to_C2,49,-62.24884367455399,151.6466974859408,-91.4365064098234,-65.7,192.39,-51.8,67.87476761631456,1.060543244004915,1.1793345535745836,-0.9202242306245484,89.94743608457432
2D8x8,B_PA2_to_C2,50,-61.20693837904393,151.7695790116044,-91.71177513775478,-64.42,192.82,-51.8,68.41330397079662,1.0689578745436972,1.179471514168957,-0.8515800472769988,90.66110282738836
2D8x8,B_PA2_to_C2,51,-60.16364981403854,151.89074522038314,-91.98252799904806,-63.14,193.25,-51.8,68.93392129778802,1.0770925202779378,1.1795919337984568,-0.7857316649045775,91.35102332934562
2D8x8,B_PA2_to_C2,52,-59.118995098258246,152.01018632705112,-92.2487417271654,-61.85,193.66,-51.8,69.44376466681702,1.085058822919016,1.179698280729443,-0.7217262113640424,92.02666621490384
2D8x8,B_PA2_to_C2,53,-58.07299161693708,152.12789314608406,-92.5103927357169,-60.56,194.07,-51.8,69.93457344706445,1.092727710110382,1.179788086127363,-0.6605527380997568,92.67708452116766
2D8x8,B_PA2_to_C2,54,-57.02565725142257,152.24385640055144,-92.76745833238854,-59.27,194.47,-51.8,70.40335528752101,1.1000524263675158,1.1798613958932354,-0.6025241992455418,93.2983127936596
2D8x8,B_PA2_to_C2,55,-55.97700994133772,152.35806700921157,-93.0199148280702,-57.98,194.86,-51.8,70.85023407660853,1.1070349074470083,1.1799187167210587,-0.5475655562692562,93.89051520894037
2D8x8,B_PA2_to_C2,56,-54.92706831895261,152.47051600784263,-93.26774021710568,-56.68,195.24,-51.8,71.28674057197634,1.1138553214371303,1.1799615568484834,-0.4942161843157187,94.46897229205766
2D8x8,B_PA2_to_C2,57,-53.87585117730203,152.58119383266,-93.5109122821452,-55.38,195.61,-51.8,71.70057110365245,1.1203214234945695,1.1799883758546292,-0.44393904684046687,95.01737925689912
2D8x8,B_PA2_to_C2,58,-52.82337771589517,152.6900926983506,-93.74940860700194,-54.08,195.98,-51.8,72.09371616797698,1.1264643151246403,1.179999599372273,-0.3964430967008141,95.53837390317467
2D8x8,B_PA2_to_C2,59,-51.76966745502341,152.79720389478553,-93.9832074245146,-52.77,196.33,-51.8,72.47219611702985,1.1323780643285914,1.1799951823746189,-0.3509629067082071,96.03993438319233
2D8x8,B_PA2_to_C2,60,-50.71474037182839,152.90251849194152,-94.21228796453826,-51.47,196.68,-51.8,72.8196091289248,1.13780639263945,1.1799757245167004,-0.30942447546449126,96.50032505235845
2D8x8,B_PA2_to_C2,61,-49.65861645459795,153.00602810349906,-94.43662804934596,-50.16,197.01,-51.8,73.15187017606706,1.1429979715010479,1.17999484008905,-0.2698826720319233,96.94063638381175
2D8x8,B_PA2_to_C2,62,-48.60131628715884,153.10772344792713,-94.6562074999455,-48.85,197.34,-51.8,73.46227850833108,1.1478481016926732,1.1799996930099872,-0.2331034584366866,97.35198856381871
2D8x8,B_PA2_to_C2,63,-47.54286080845083,153.20759763587284,-94.8710055284514,-47.54,197.66,-51.8,73.749507316903,1.1523360518266095,1.1799887106146019,-0.19920887745580035,97.73262330936532
2D8x8,B_PA2_to_C2,64,-46.48327113250459,153.30564221957908,-95.0810017177901,-46.22,197.98,-51.8,74.0215192809495,1.156586238764836,1.1799611328275112,-0.1672314509884889,98.09309273872115
2D8x8,B_PA2_to_C2,65,-45.4225689014876,153.40184895521443,-95.28617699272677,-44.9,198.28,-51.8,74.26840086112989,1.1604437634551545,1.179917492597213,-0.13830988790043747,98.42025945963375
2D8x8,B_PA2_to_C2,66,-44.36077557018651,153.49620909959995,-95.48651027214626,-43.58,198.57,-51.8,74.49145415483753,1.1639289711693364,1.1799425882422814,-0.11226229939907183,98.71584900761768
2D8x8,B_PA2_to_C2,67,-43.29791368497544,153.58871652443105,-95.68198375449376,-42.26,198.86,-51.8,74.69147939246801,1.1670543655073127,1.1799782048600969,-0.08897011525018746,98.98092184556498
2D8x8,B_PA2_to_C2,68,-42.234005550773134,153.6793630286134,-95.8725781010478,-40.94,199.14,-51.8,74.86785475107999,1.1698102304856248,1.1799968367689448,-0.0684835622877832,99.21465393560062
2D8x8,B_PA2_to_C2,69,-41.16907381901202,153.76814085817185,-96.05827437794429,-39.62,199.4,-51.8,75.02068031495413,1.1721981299211583,1.179998803384494,-0.05077138115148788,99.41717790910967
2D8x8,B_PA2_to_C2,70,-40.1031289537576,153.85501755222404,-96.23899125430628,-38.29,199.66,-51.8,75.15427142456572,1.1742854910088394,1.1799836358286728,-0.03531796595342292,99.59421244219538
2D8x8,B_PA2_to_C2,71,-39.03618987823958,153.939976772089,-96.4146819293428,-36.96,199.91,-51.8,75.2632240349294,1.1759878755457718,1.1799965045053329,-0.02273498134765808,99.73859611084131
2D8x8,B_PA2_to_C2,72,-37.96829818015255,154.02304379636783,-96.58541758393568,-35.63,200.15,-51.8,75.34784204191129,1.177310031904864,1.1799998438139931,-0.012974971455738029,99.85073163692714
2D8x8,B_PA2_to_C2,73,-36.899477667861696,154.104211003158,-96.75118039535155,-34.3,200.39,-51.8,75.40886796339382,1.1782635619280284,1.1799997829684596,-0.0059429203053501045,99.93160300289749
2D8x8,B_PA2_to_C2,74,-35.829752775415024,154.18347341545706,-96.91195389931922,-32.97,200.61,-51.8,75.44624948860101,1.1788476482593908,1.1799999487377892,-0.001638236253762365,99.98114088667081
2D8x8,B_PA2_to_C2,75,-34.759148008312394,154.26082338826797,-97.06772212617592,-31.63,200.82,-51.8,75.46048066616859,1.1790700104088843,1.179937278477479,0.0,100.0
2D8x8,B_PA2_to_C2,76,-33.68768816862759,154.33625396422505,-97.21846945332712,-30.3,201.03,-51.8,75.45109495035446,1.1789233585992884,1.1799999582464058,-0.001080411380079368,99.98756207788333
2D8x8,B_PA2_to_C2,77,-32.61539853755643,154.40976009116122,-97.3641813520534,-28.96,201.23,-51.8,75.41781435577275,1.1784033493089492,1.17999740524497,-0.004912500809826814,99.94345873493094
2D8x8,B_PA2_to_C2,78,-31.54230429006244,154.48133467447258,-97.50484226081323,-27.62,201.41,-51.8,75.36097861356306,1.1775152908369229,1.1799995632879772,-0.01146075601191007,99.86814018181819
2D8x8,B_PA2_to_C2,79,-30.46843110893605,154.55097297226447,-97.64043783150107,-26.28,201.59,-51.8,75.28076021728783,1.1762618783951224,1.179994981851805,-0.020711421972848434,99.76183500649059
2D8x8,B_PA2_to_C2,80,-29.39380476776233,154.6186681013438,-97.77095418124917,-24.94,201.76,-51.8,75.17754727701758,1.1746491762033997,1.1799846756102863,-0.03262829600875786,99.62505753123587
2D8x8,B_PA2_to_C2,81,-28.31845135645202,154.68441462884485,-97.89637786883976,-23.6,201.93,-51.8,75.05155098969149,1.1726804842139296,1.1799991900483215,-0.04719791155924795,99.45808763359702
2D8x8,B_PA2_to_C2,82,-27.2423972641524,154.74820751656992,-98.01669642786544,-22.26,202.08,-51.8,74.90334170026736,1.1703647140666775,1.179995583822012,-0.06436747405046334,99.26168113298142
2D8x8,B_PA2_to_C2,83,-26.165669006864395,154.81004129594638,-98.13189739193844,-20.91,202.22,-51.8,74.72845072278582,1.1676320425435285,1.1799732471539912,-0.08467177430974202,99.0299161403156
2D8x8,B_PA2_to_C2,84,-25.088293256508223,154.86991089153568,-98.24196809318909,-19.57,202.36,-51.8,74.53596535010207,1.164624458595345,1.179933351274703,-0.10707373285867033,98.7748351085166
2D8x8,B_PA2_to_C2,85,-24.01029697344074,154.9278115916748,-98.34689701737234,-18.22,202.48,-51.8,74.31649898910753,1.1611952967048051,1.1799496194797998,-0.13268650293433676,98.48399895287979
2D8x8,B_PA2_to_C2,86,-22.93170731895633,154.98373900900486,-98.44667307402544,-16.87,202.6,-51.8,74.0750340588671,1.1574224071697985,1.179983976449597,-0.1609541479082133,98.16401036003123
2D8x8,B_PA2_to_C2,87,-21.85255162814546,155.0376874840803,-98.54128635480696,-15.53,202.71,-51.8,73.81890412957338,1.153420377024584,1.1799990178853776,-0.19103947189515272,97.82458775493703
2D8x8,B_PA2_to_C2,88,-20.772857377273507,155.08965376136825,-98.6307256717608,-14.18,202.8,-51.8,73.53526327073672,1.1489884886052613,1.1799956408428702,-0.22447831224804587,97.44870774949223
2D8x8,B_PA2_to_C2,89,-19.692652288997586,155.13963285791397,-98.71498233580527,-12.83,202.89,-51.8,73.23095106425758,1.1442336103790247,1.179984575392127,-0.2604978558587392,97.04543413687719
2D8x8,B_PA2_to_C2,90,-18.61196423594128,155.18762180084667,-98.79404690542012,-11.48,202.98,-51.8,72.90655504620243,1.139164922596913,1.1799993003262037,-0.299059792693343,96.61554551810431
2D8x8,B_PA2_to_C2,91,-17.53082121803602,155.2336156026439,-98.86791142702478,-10.13,203.05,-51.8,72.56223177203088,1.1337848714379826,1.179994954686334,-0.340178710504967,96.1592493599937
2D8x8,B_PA2_to_C2,92,-16.44925130893432,155.27761120152687,-98.93656618480166,-8.779999999999998,203.11,-51.8,72.19850480790062,1.1281016376234472,1.179971639859578,-0.38382727146013346,95.6772394908287
2D8x8,B_PA2_to_C2,93,-15.367282953400316,155.31960635618893,-99.00000520316732,-7.429999999999999,203.16,-51.8,71.81429500382804,1.122098359434813,1.1799292066523688,-0.43017331678501697,95.16808582432571
2D8x8,B_PA2_to_C2,94,-14.28493673047202,155.3595507877873,-99.05810188618948,-6.08,203.21,-51.8,71.41031072771484,1.1157861051205444,1.1798674356475682,-0.47917288813241204,94.63272708747856
2D8x8,B_PA2_to_C2,95,-13.20224339567479,155.3974442967575,-99.1108541938934,-4.73,203.24,-51.8,70.98941774975066,1.109209652339854,1.179786895578093,-0.530519061910389,94.07496099024657
2D8x8,B_PA2_to_C2,96,-12.119239570985169,155.4333259341982,-99.15836949775446,-3.38,203.27,-51.8,70.55316423678008,1.1023931911996887,1.1796877260961698,-0.5840614208741312,93.49683915863443
2D8x8,B_PA2_to_C2,97,-11.03595403858412,155.46719473161767,-99.20064078858212,-2.03,203.29,-51.8,70.10004178053897,1.0953131528209215,1.1795696868409522,-0.6400258083870191,92.89636265458765
2D8x8,B_PA2_to_C2,98,-9.952415705712683,155.49904677165716,-99.23766471970472,-0.68,203.3,-51.8,69.63056590864463,1.0879775923225723,1.179432754627016,-0.6983928479776429,92.27421465374033
2D8x8,B_PA2_to_C2,99,-8.868653542257167,155.52888109151874,-99.2694358153294,0.68,203.3,-51.8,69.13317303920917,1.0802058287376433,1.1792728122228975,-0.7606615372832835,91.61507113246343
2D8x8,B_PA2_to_C2,100,-7.784696647000554,155.55669596799535,-99.295951680497,2.03,203.29,-51.8,68.63213316662971,1.0723770807285893,1.1790974586802092,-0.823841395050471,90.95109461368665
2D8x8,B_PA2_to_C2,101,-6.700574090627914,155.58248888798403,-99.31720834713164,3.38,203.27,-51.8,68.1162451525069,1.0643163305079204,1.1789030004712644,-0.8893773475665989,90.26744138279211
2D8x8,B_PA2_to_C2,102,-5.616315065931505,155.6062589687898,-99.33320358502304,4.73,203.24,-51.8,67.58603871673073,1.0560318549489176,1.178689336241976,-0.9572514892514927,89.56481342297063
2D8x8,B_PA2_to_C2,103,-4.531948766026188,155.62800404835014,-99.34393501923688,6.08,203.21,-51.8,67.04329574797666,1.0475514960621353,1.178456537164193,-1.0272842363638341,88.84557208768797
2D8x8,B_PA2_to_C2,104,-3.4475044580098806,155.64772418831205,-99.34940086171216,7.429999999999999,203.16,-51.8,66.48606717018473,1.0388447995341363,1.178204092802701,-1.0997784641513622,88.10713446726375
2D8x8,B_PA2_to_C2,105,-2.3630114133557245,155.66541793816927,-99.3496006662767,8.779999999999998,203.11,-51.8,65.91762420892417,1.02996287826444,1.1779323471815233,-1.174360420464182,87.35383557989606
2D8x8,B_PA2_to_C2,106,-1.2784989144168657,155.68108421535902,-99.34453342396944,10.13,203.05,-51.8,65.33715620212081,1.0208930656581376,1.1776408960490488,-1.2511867867109996,86.5846011386641
2D8x8,B_PA2_to_C2,107,-0.193996270036946,155.69472371767526,-99.33419986729729,11.48,202.98,-51.8,64.74520494117148,1.0116438272058044,1.1773295509115704,-1.3302391466102301,85.8001491238829
2D8x8,B_PA2_to_C2,108,0.8904672233824948,155.70633517500383,-99.31859957134051,12.83,202.89,-51.8,64.14050797933753,1.0021954371771489,1.176997575606507,-1.4117434420846744,84.99880654496522
2D8x8,B_PA2_to_C2,109,1.9748622970068277,155.7159185771087,-99.29773448040478,14.18,202.8,-51.8,63.52717352356593,0.9926120863057176,1.1766457474401177,-1.4952006854017605,84.18601758529117
2D8x8,B_PA2_to_C2,110,3.059159680973665,155.7234744275543,-99.27160608203349,15.53,202.71,-51.8,62.906022711017464,0.9829066048596479,1.1762740354068206,-1.580546796627652,83.3628704133345
2D8x8,B_PA2_to_C2,111,4.143330136585643,155.72900397382435,-99.24021636121546,16.87,202.6,-51.8,62.2883145004599,0.9732549140696859,1.1758904117100315,-1.6662597610333294,82.54428536708988
2D8x8,B_PA2_to_C2,112,5.227344481535621,155.73250618129498,-99.20356807735816,18.22,202.48,-51.8,61.64738768470688,0.963240432573545,1.1754766077227259,-1.7560977837855187,81.69493109569527
2D8x8,B_PA2_to_C2,113,6.311173611409227,155.73398248082182,-99.16166550764348,19.57,202.36,-51.8,60.9979852443079,0.9530935194423109,1.1750405374022417,-1.848081533501626,80.83434495223841
2D8x8,B_PA2_to_C2,114,7.394782462526731,155.73338500105064,-99.11438346663768,20.91,202.22,-51.8,60.35124625196383,0.9429882226869348,1.1745908901128301,-1.9406664906678461,79.97728840206192
2D8x8,B_PA2_to_C2,115,8.478141025309707,155.7307228648241,-99.0617464588014,22.26,202.08,-51.8,59.68787859287135,0.9326231030136148,1.1741116686691715,-2.036668472364591,79.09819559316878
2D8x8,B_PA2_to_C2,116,9.561224891104924,155.72603815765683,-99.00386883744936,23.6,201.93,-51.8,59.03550418591712,0.922429752904955,1.173623719550937,-2.1321258119542392,78.23367100865111
2D8x8,B_PA2_to_C2,117,10.64400526204448,155.71933353831668,-98.94075634454964,24.94,201.76,-51.8,58.37459236505475,0.9121030057039805,1.1731125448878053,-2.2299141272662055,77.35783266912848
2D8x8,B_PA2_to_C2,118,11.726453465486236,155.71061091327692,-98.87241568891406,26.28,201.59,-51.8,57.71116089255124,0.9017368889461131,1.1725806463411768,-2.329195135125599,76.4786552948967
2D8x8,B_PA2_to_C2,119,12.808540831343858,155.6998726481481,-98.79885227901212,27.62,201.41,-51.8,57.043019792236976,0.8912971842537027,1.1720262209724397,-2.4303411745126065,75.59323673618108
2D8x8,B_PA2_to_C2,120,13.890238970931271,155.68712123001086,-98.7200746209666,28.96,201.23,-51.8,56.37384957773523,0.8808413996521129,1.1714508484183466,-2.532837498218163,74.70645439846697
2D8x8,B_PA2_to_C2,121,14.971519467755202,155.67235797569495,-98.63608964081362,30.3,201.03,-51.8,55.69796599935666,0.8702807187399478,1.170850234934923,-2.637604630157735,73.81077553131448
2D8x8,B_PA2_to_C2,122,16.052354114914245,155.6555863167227,-98.54690555049524,31.63,200.82,-51.8,55.0337557870721,0.8599024341730016,1.1702402940386316,-2.7418082983088974,72.93056617348786
2D8x8,B_PA2_to_C2,123,17.13271484254847,155.6368091544556,-98.45253107240914,32.97,200.61,-51.8,54.355298992727356,0.8493015467613649,1.1695942620385984,-2.849553564358634,72.0314772883452
2D8x8,B_PA2_to_C2,124,18.2125737773163,155.61602957632962,-98.35297588894588,34.3,200.39,-51.8,53.6895374545121,0.8388990227267515,1.1689391483683442,-2.9565980956150115,71.14921211810261
2D8x8,B_PA2_to_C2,125,19.29190318721537,155.59325143620617,-98.24824980430816,35.63,200.15,-51.8,53.018488301950455,0.8284138797179759,1.1682569723909275,-3.06584453095786,70.25993981737302
2D8x8,B_PA2_to_C2,126,20.370675431420327,155.5684775792159,-98.1383625598915,36.96,199.91,-51.8,52.349621110326474,0.8179628298488512,1.1675526491981054,-3.1761204897682798,69.37355904465703
2D8x8,B_PA2_to_C2,127,21.44886309329527,155.54171133133084,-98.02332482807778,38.29,199.66,-51.8,51.679900011101516,0.8074984376734612,1.16682292541123,-3.2879580500970778,68.48604667617934
2D8x8,B_PA2_to_C2,128,22.526438964794103,155.51295701115404,-97.90314781249332,39.62,199.4,-51.8,51.00977680431576,0.7970277625674338,1.1660671948456014,-3.4013228794381076,67.59800143598225
2D8x8,B_PA2_to_C2,129,23.60337610738463,155.48221867535082,-97.77784391778182,40.94,199.14,-51.8,50.35764011885445,0.7868381268571008,1.1653062791068767,-3.5130839482253777,66.73379187926565
2D8x8,B_PA2_to_C2,130,24.67964765573138,155.44950057050062,-97.64742489607836,42.26,198.86,-51.8,49.70184901008372,0.7765913907825581,1.1645154746247919,-3.626940431150021,65.86473949186848
2D8x8,B_PA2_to_C2,131,25.7552268488753,155.41480710488227,-97.51190216737936,43.58,198.57,-51.8,49.04663925591878,0.7663537383737309,1.163697611248707,-3.742206259179965,64.9964575138308
2D8x8,B_PA2_to_C2,132,26.830087607698424,155.37814292595095,-97.37129126067428,44.9,198.28,-51.8,48.39636370597189,0.7561931829058108,1.1628562412957855,-3.8581367075045234,64.13471432825045
2D8x8,B_PA2_to_C2,133,27.904203500133505,155.33951282222966,-97.22560371147092,46.22,197.98,-51.8,47.74745701403523,0.7460540158443004,1.161986690278165,-3.9753864164629347,63.274785149151555
2D8x8,B_PA2_to_C2,134,28.977548636205537,155.29892175665495,-97.07485387430688,47.54,197.66,-51.8,47.09630144767047,0.7358797101198511,1.1610835127682098,-4.094655292891155,62.411875768484585
2D8x8,B_PA2_to_C2,135,30.050097475835003,155.2563748690403,-96.9190572997126,48.85,197.34,-51.8,46.463477453477765,0.7259918352105901,1.1601743392968222,-4.212157135323728,61.573259331634326
2D8x8,B_PA2_to_C2,136,31.12181509006912,155.21185602608776,-96.7581726374765,50.16,197.01,-51.8,45.830709599342924,0.7161048374897332,1.1592322043768903,-4.3312597145917024,60.734717291418384
2D8x8,B_PA2_to_C2,137,32.19266435930694,155.16534617449724,-96.59215188515384,51.47,196.68,-51.8,45.20568120722926,0.7063387688629572,1.158266689544372,-4.450530983838219,59.90643156278813
2D8x8,B_PA2_to_C2,138,33.26264053382973,155.11689864444983,-96.42113376138818,52.77,196.33,-51.8,44.59389906937133,0.6967796729589271,1.1572899258096732,-4.5688824133175086,59.09569973010288
2D8x8,B_PA2_to_C2,139,34.331719100072526,155.06651938643978,-96.24513495979193,54.08,195.98,-51.8,43.976756026626276,0.6871368129160356,1.156265604699049,-4.689927540672012,58.27786364252845
2D8x8,B_PA2_to_C2,140,35.39987582541831,155.01421438336334,-96.06417264235868,55.38,195.61,-51.8,43.37082502549502,0.6776691410233597,1.1552251056583387,-4.8104376719465165,57.47488571847859
2D8x8,B_PA2_to_C2,141,36.46708644216982,154.95998983572957,-95.87826249657256,56.68,195.24,-51.8,42.77242987445211,0.6683192167883142,1.1541581516684558,-4.931112885623775,56.681894280098845
2D8x8,B_PA2_to_C2,142,37.53332745825927,154.90385207524594,-95.68742349521644,57.98,194.86,-51.8,42.177612761343525,0.6590251993959926,1.1530576050407784,-5.052751441067581,55.8936444467324
2D8x8,B_PA2_to_C2,143,38.59857531813452,154.84580760475149,-95.4916729379468,59.27,194.47,-51.8,41.598010605368884,0.6499689157088888,1.1519467003261774,-5.172940118518237,55.1255574283913
2D8x8,B_PA2_to_C2,144,39.66280689849823,154.7858630702206,-95.29102930237936,60.56,194.07,-51.8,41.02200630264653,0.640968848478852,1.1508009424601124,-5.294053404446004,54.36223827426273
2D8x8,B_PA2_to_C2,145,40.72599915709653,154.72402525901262,-95.08551026173888,61.85,193.66,-51.8,40.44985268291356,0.6320289481705244,1.149619250460626,-5.416052459337636,53.604022033547096
2D8x8,B_PA2_to_C2,146,41.78812967252567,154.66030109872707,-94.87513555586692,63.14,193.25,-51.8,39.88613208826557,0.6232208138791495,1.148408979674875,-5.537952881737063,52.85698121208474
2D8x8,B_PA2_to_C2,147,42.8491760867882,154.59469736955518,-94.65992407576108,64.42,192.82,-51.8,39.33290180115013,0.6145765906429708,1.147178600373478,-5.659271587679351,52.12384211433251
2D8x8,B_PA2_to_C2,148,43.90911670401592,154.5272213537003,-94.43989668681203,65.7,192.39,-51.8,38.78804009749456,0.6060631265233525,1.1459188409172156,-5.780434626739648,51.40179303798751
2D8x8,B_PA2_to_C2,149,44.96792978648344,154.45788129605765,-94.21507258127312,66.98,191.95,-51.8,38.247386541292755,0.5976154147076993,1.1446199416075085,-5.9023560447526044,50.68532058587895
2D8x8,B_PA2_to_C2,150,46.02559383187995,154.38668407085044,-93.9854713541777,68.25,191.5,-51.8,37.72098595910984,0.5893904056110912,1.143308349007212,-6.0227306267316045,49.98773613169071
2D8x8,B_PA2_to_C2,151,47.08208808186795,154.31363728095752,-93.7511147078041,69.52,191.04,-51.8,37.198763448847956,0.5812306788882493,1.1419561207693676,-6.143821276163443,49.29568844573419
2D8x8,B_PA2_to_C2,152,48.13739187572139,154.23874863471048,-93.5120235955986,70.79,190.58,-51.8,36.68514042002286,0.5732053190628572,1.140572594327997,-6.264587629292359,48.61503676648327
2D8x8,B_PA2_to_C2,153,49.19148480348986,154.1620260381531,-93.26821888920249,72.06,190.1,-51.8,36.17172138043146,0.5651831465692415,1.1391353006631741,-6.387007805702543,47.93465541314584
2D8x8,B_PA2_to_C2,154,50.244346869708224,154.08347698062326,-93.01972230558997,73.31999999999998,189.62,-51.8,35.67608224746648,0.5574387851166638,1.137694187497935,-6.506848215143163,47.27783593811806
2D8x8,B_PA2_to_C2,155,51.29595856754602,154.00311012760852,-92.76655613122028,74.58,189.13,-51.8,35.184728271720346,0.5497613792456304,1.1362084768141656,-6.627307317389972,46.626695140433704
2D8x8,B_PA2_to_C2,156,52.34630046281263,153.92093409495914,-92.50874189047302,75.84,188.63,-51.8,34.69781951353093,0.5421534298989208,1.134676749450716,-6.748347671860015,45.981445131566865
2D8x8,B_PA2_to_C2,157,53.39535361782308,153.83695674326134,-92.24630226351488,77.09,188.12,-51.8,34.22371684857963,0.5347455757590567,1.133128274869495,-6.8678478628672535,45.353165718600096
2D8x8,B_PA2_to_C2,158,54.443099474220304,153.75118650031845,-91.97926021080472,78.34,187.6,-51.8,33.753894704647585,0.5274046047601185,1.1315316523238006,-6.987913519121891,44.73055883909915
2D8x8,B_PA2_to_C2,159,55.48951956414256,153.663631248831,-91.70763814280556,79.58,187.08,-51.8,33.30035041371622,0.5203179752143159,1.1299307684713533,-7.105415273932674,44.12952332100086
2D8x8,B_PA2_to_C2,160,56.53459623990898,153.5743005258712,-91.43146003128533,80.81999999999998,186.54,-51.8,32.84673735330216,0.5132302711453463,1.1282658429212742,-7.224546588065278,43.528396669792784
2D8x8,B_PA2_to_C2,161,57.57831172533226,153.4832032432207,-91.1507485139026,82.06,186.0,-51.8,32.40138408187431,0.5062716262792861,1.126563667865856,-7.3431200995782655,42.93821586588557
2D8x8,B_PA2_to_C2,162,58.62064887440875,153.39034780748443,-90.86552767323836,83.29999999999998,185.45,-51.8,31.960318667216352,0.4993799791752555,1.124808765209651,-7.4621693268276506,42.35371731675864
2D8x8,B_PA2_to_C2,163,59.66159077497219,153.29574248131743,-90.57582147899204,84.53,184.89,-51.8,31.53053943979331,0.49266467874677045,1.1230325323202,-7.579763325974459,41.78417518870839
2D8x8,B_PA2_to_C2,164,60.7011208977446,153.19939724981538,-90.28165367028168,85.76,184.33,-51.8,31.108747742298064,0.48607418347340725,1.1212173100577116,-7.696740758938338,41.225218111080935
2D8x8,B_PA2_to_C2,165,61.73922307688685,153.10132122517263,-89.98304854624612,86.98,183.75,-51.8,30.693696431206597,0.4795890067376031,1.1193630770717455,-7.813407474322668,40.675193373062605
2D8x8,B_PA2_to_C2,166,62.77588159274177,153.0015225529011,-89.6800312508476,88.2,183.17,-51.8,30.286384396676894,0.47322475619807647,1.1174683076743992,-7.929442741814952,40.13542470085971
2D8x8,B_PA2_to_C2,167,63.811080741983474,152.90001146789095,-89.37262530661879,89.40999999999998,182.58,-51.8,29.889098630696132,0.46701716610462707,1.1155494190882445,-8.044134981355441,39.60894280931396
2D8x8,B_PA2_to_C2,168,64.84480570796426,152.79679733772667,-89.06085650443455,90.63,181.98,-51.8,29.489520599384832,0.460773759365388,1.1135357212969241,-8.161037095850434,39.07942321470787
2D8x8,B_PA2_to_C2,169,65.8770416411013,152.69188856131194,-88.74474986151313,91.83,181.38,-51.8,29.109309263578524,0.45483295724341444,1.111549975452721,-8.273753341362864,38.57556830621831
2D8x8,B_PA2_to_C2,170,66.90777413228953,152.5852956136748,-88.42433016003714,93.04,180.76,-51.8,28.723190693147444,0.4487998545804288,1.1094468633894694,-8.389737714376086,38.06388514832903
2D8x8,B_PA2_to_C2,171,67.93698914361468,152.4770279819649,-88.09962274820667,94.24,180.14,-51.8,28.35009192149014,0.44297018627328344,1.1073354177714498,-8.503301917132273,37.56945578826721
2D8x8,B_PA2_to_C2,172,68.96467309574679,152.36709425458267,-87.77065375851993,95.43,179.51,-51.8,27.98582179026566,0.43727846547290095,1.105195387062264,-8.615630059032336,37.08672611571718
2D8x8,B_PA2_to_C2,173,69.99081266367635,152.25550509492143,-87.43744847141123,96.62,178.87,-51.8,27.624899020403408,0.43163904719380325,1.1029890796554125,-8.72837736096042,36.60843235628706
2D8x8,B_PA2_to_C2,174,71.01539471176027,152.1422701375941,-87.10003215903092,97.81,178.22,-51.8,27.267469821010373,0.4260542159532871,1.1007149801676406,-8.841494521805286,36.1347682658418
2D8x8,B_PA2_to_C2,175,72.03840663046354,152.02739826837123,-86.75843102006482,98.99,177.57,-51.8,26.921834081585473,0.420653657524773,1.098431695322797,-8.952298476989856,35.67673283275999
2D8x8,B_PA2_to_C2,176,73.05983625395466,151.9109002355482,-86.41267103113607,100.17,176.91,-51.8,26.579493691611894,0.41530458893143585,1.09607907025871,-9.06345726699312,35.2230643867716
2D8x8,B_PA2_to_C2,177,74.07967157134375,151.79278529141217,-86.06277821481683,101.35,176.24,-51.8,26.240586022595437,0.4100091566030537,1.0936556748676858,-9.17492074919793,34.77394497217926
2D8x8,B_PA2_to_C2,178,75.0979012617257,151.6730638340782,-85.70877930137463,102.52,175.56,-51.8,25.90945884407308,0.40483529443864186,1.0911978625899812,-9.28522450018257,34.33513623998043
2D8x8,B_PA2_to_C2,179,76.11451404738338,151.5517459278318,-85.3507003611686,103.68,174.88,-51.8,25.589072169554008,0.3998292526492814,1.0887305443808903,-9.393300561581025,33.910560791095556
2D8x8,B_PA2_to_C2,180,77.12949884362655,151.42884061949917,-84.98856747237346,104.84,174.18,-51.8,25.26856508514976,0.394821329455465,1.0861641253357601,-9.502779734003042,33.485825775396215
2D8x8,B_PA2_to_C2,181,78.14284513143528,151.30435859348498,-84.62240688190954,106.0,173.48,-51.8,24.954615133860546,0.38991586146657103,1.0835494770786334,-9.611373818931057,33.06978025260382
2D8x8,B_PA2_to_C2,182,79.15454278227848,151.17830968322968,-84.2522453379742,107.15,172.77,-51.8,24.647726135199527,0.3851207208624926,1.0808983904621232,-9.718854148210923,32.663091882808416
2D8x8,B_PA2_to_C2,183,80.16458218699586,151.05070418164797,-83.87810997663453,108.29,172.06,-51.8,24.350707229644257,0.3804798004631915,1.078238484374291,-9.824159761356222,32.26948333044673
2D8x8,B_PA2_to_C2,184,81.17295358746802,150.9215520382831,-83.50002680614665,109.43,171.33,-51.8,24.05374714381938,0.3758397991221778,1.0754751510742935,-9.930736518686029,31.87595272581329
2D8x8,B_PA2_to_C2,185,82.17964783645431,150.79086341092665,-83.11802254281665,110.57,170.6,-51.8,23.763158036401684,0.3712993443187763,1.0726652852376843,-10.03630821891009,31.49086492243282
2D8x8,B_PA2_to_C2,186,83.18465626890872,150.658648479528,-82.73212435394977,111.7,169.86,-51.8,23.479112659402624,0.366861135303166,1.0698187902308103,-10.140757750700534,31.11444885074669
2D8x8,B_PA2_to_C2,187,84.18797034164835,150.52491725041395,-82.34235893159975,112.83,169.12,-51.8,23.20134489352288,0.362521013961295,1.0669283754606271,-10.244128144301222,30.746351850266972
2D8x8,B_PA2_to_C2,188,85.18958182372573,150.3896801787657,-81.948752828512,113.95,168.36,-51.8,22.92707250815223,0.3582355079398786,1.0639717229767718,-10.347419255453516,30.38288691743145
2D8x8,B_PA2_to_C2,189,86.18948264342175,150.25294705232363,-81.55133241463926,115.07,167.6,-51.8,22.659150233012724,0.3540492223908238,1.0609738103472621,-10.449518967558198,30.027837131405345
2D8x8,B_PA2_to_C2,190,87.18766562310678,150.11472854178467,-81.15012523298817,116.18,166.83,-51.8,22.397487843393822,0.3499607475530285,1.0579427364659488,-10.550405153776731,29.681082926676016
2D8x8,B_PA2_to_C2,191,88.18412342149847,149.97503436988703,-80.74515793431173,117.29,166.06,-51.8,22.142174676743828,0.3459714793241223,1.054875490116956,-10.649985893871385,29.342742692958872
2D8x8,B_PA2_to_C2,192,89.17884914419898,149.83387543735915,-80.33645709844214,118.39,165.27,-51.8,21.890434874237272,0.3420380449099574,1.0517460830513106,-10.749303558122154,29.009137870561524
2D8x8,B_PA2_to_C2,193,90.17183608422484,149.6912608544792,-79.92404961156332,119.48,164.48,-51.8,21.647394330429833,0.33824053641296614,1.0486224559457569,-10.846278777506882,28.687061279395042
2D8x8,B_PA2_to_C2,194,91.16307814813736,149.54720170457475,-79.50796240030589,120.57,163.68,-51.8,21.40828920845018,0.3345045188820341,1.0454385739546939,-10.94275208282426,28.37019989729302
2D8x8,B_PA2_to_C2,195,92.15256960558916,149.401708646659,-79.08822264474281,121.66,162.88,-51.8,21.175819047502046,0.33087217261721946,1.0422333393195022,-11.037587001471055,28.062131145416704
2D8x8,B_PA2_to_C2,196,93.1403041376118,149.25479060283303,-78.66485599380155,122.74,162.07,-51.8,20.949603673399174,0.3273375573968621,1.0390125566962696,-11.130875117513423,27.762351218088078
2D8x8,B_PA2_to_C2,197,94.12627702596647,149.10645912989588,-78.23789021098143,123.81,161.25,-51.8,20.729638676182468,0.32390060431535106,1.0357804013062302,-11.222556699089264,27.47085427124273
2D8x8,B_PA2_to_C2,198,95.110483,148.956723,-77.807352,124.88,160.42,-51.8,20.52059069072463,0.32063422954257237,1.032614618731706,-11.310594186560651,27.193824515253436
