config,condition,scan_id,pa_x,pa_y,pa_z,focus_x,focus_y,focus_z,beam_sum,beam_mean,beam_max,beam_db,beam_percent,geometry_echo_percent,edm_echo_percent,edm_minus_geometry_db,amplitude_percent,amplitude_db,depth_mm,scan_position_mm
2D8x8,A_PA1_to_C1,0,-126.47159,137.926021,-64.727672,-124.23,120.25,-51.8,25.412617221086958,0.3970721440794837,1.1174279725974172,-9.44955975951071,33.6916291762544,35.662211525470056,45.01118605683684,2.0222437045899797,45.01118605683684,-6.933590862691021,35.0,0.0
2D8x8,A_PA1_to_C1,1,-125.5875311773166,139.02719128142945,-65.13280492576665,-123.25,121.26,-51.8,25.62002243383629,0.40031285052869203,1.1183640298223998,-9.37895754417134,33.96660358980573,35.86336499670101,45.289427560588926,2.0269159037770006,45.289427560588926,-6.880063371657082,35.0,1.0101010101010102
2D8x8,A_PA1_to_C1,2,-124.6997361978672,140.12576271513814,-65.53680832565904,-122.26,122.26,-51.8,25.874884950402347,0.40429507735003667,1.1196205018218266,-9.29297910942284,34.304496114781294,36.06431592343749,45.585080980924985,2.0349006369700664,45.585080980924985,-6.823545386975959,35.0,2.0202020202020203
2D8x8,A_PA1_to_C1,3,-123.80814054759924,141.2216765912607,-65.93965723338754,-121.26,123.25,-51.8,26.139373709519806,0.40842771421124696,1.1208889285738401,-9.204644101603366,34.655150953515445,36.264861965130144,45.8840619353985,2.0435165713084587,45.8840619353985,-6.766762853757267,35.0,3.0303030303030303
2D8x8,A_PA1_to_C1,4,-122.9126787053178,142.31487245796063,-66.3413259657362,-120.25,124.23,-51.8,26.43082836091168,0.412981693139245,1.1222896757827803,-9.108332169189843,35.04155672789753,36.46480118891455,46.19257964683977,2.0539673247119663,46.19257964683977,-6.708555673837369,35.0,4.040404040404041
2D8x8,A_PA1_to_C1,5,-122.01174866453802,143.40418686963125,-66.74131078089212,-119.24,125.21,-51.8,26.72561732433234,0.4175877706926928,1.12366503252331,-9.011992746213247,35.43238307822637,36.66393227294048,46.501782981679604,2.0646112606593703,46.501782981679604,-6.650607899508597,35.0,5.05050505050505
2D8x8,A_PA1_to_C1,6,-121.10663104890662,144.49049807357036,-67.13999408581748,-118.22,126.17,-51.8,27.00800201908732,0.4220000315482394,1.124879324518823,-8.920698509774835,35.80676405354914,36.86205470908594,46.805730592939376,2.074389784189382,46.805730592939376,-6.594019428888803,35.0,6.0606060606060606
2D8x8,A_PA1_to_C1,7,-120.19746436062516,145.57388656308214,-67.53741160967894,-117.19,127.13,-51.8,27.301084041553615,0.42657943814927524,1.1261210709560356,-8.826949820574985,36.19532736968674,37.05896900485185,47.11277240232591,2.0849065722856825,47.11277240232591,-6.53722676957429,35.0,7.07070707070707
2D8x8,A_PA1_to_C1,8,-119.2841803722571,146.65428488520172,-67.93353475243892,-116.15,128.08,-51.8,27.61342130638213,0.43145970791222077,1.1274251695354995,-8.72814327575137,36.60941896887062,37.25447688423409,47.42591959912436,2.096745823207677,47.42591959912436,-6.479684785822055,35.0,8.080808080808081
2D8x8,A_PA1_to_C1,9,-118.36592519347504,147.73104304627157,-68.32808255362077,-115.1,129.02,-51.8,27.945887633429972,0.4366544942723433,1.1287892110564004,-8.624189488367914,37.050197347069016,37.448381487370604,47.74536843648515,2.109963934000126,47.74536843648515,-6.421375019839417,35.0,9.090909090909092
2D8x8,A_PA1_to_C1,10,-117.44257785267718,148.80403214082943,-68.72100263076132,-114.05,129.95,-51.8,28.264858296458357,0.4416384108821618,1.1300152985013303,-8.52561140799443,37.473083396284714,37.64048756876262,48.058640968818615,2.122324901192731,48.058640968818615,-6.3645702919857055,35.0,10.1010101010101
2D8x8,A_PA1_to_C1,11,-116.514922269347,149.87380453703935,-69.1125338929097,-112.99,130.88,-51.8,28.586464476599776,0.4466635074468715,1.1312126319235714,-8.427338739926167,37.89946357066224,37.830601693870335,48.37156995903558,2.134938688014692,48.37156995903558,-6.308196336381766,35.0,11.11111111111111
2D8x8,A_PA1_to_C1,12,-115.58288695538624,150.94028445626716,-69.50264433810658,-111.92,131.79,-51.8,28.912647577270633,0.45176011839485364,1.132370664106309,-8.328790407427674,38.33191175086166,38.018532433885035,48.684785338852855,2.147958218950093,48.684785338852855,-6.252134810927909,35.0,12.121212121212121
2D8x8,A_PA1_to_C1,13,-114.646399475931,152.00339379708413,-69.8913011714731,-110.84,132.7,-51.8,29.268893810159277,0.4573264657837387,1.1336425173446127,-8.222421478043442,38.80421713639126,38.204090558481724,49.00759230461858,2.163070014615048,49.00759230461858,-6.1947326685818025,35.0,13.131313131313133
2D8x8,A_PA1_to_C1,14,-113.7043365345142,153.06224053959426,-70.27812111471913,-109.76,133.6,-51.8,29.62846114390956,0.4629447053735869,1.1348757173228792,-8.116365748286352,39.28092558271991,38.38708922635802,49.330108659883805,2.178537798444708,49.330108659883805,-6.137758558247155,35.0,14.14141414141414
2D8x8,A_PA1_to_C1,15,-112.75724424129103,154.11719913348915,-70.66326812092449,-108.67,134.48,-51.8,29.976519539202535,0.4683831178000396,1.1359901526537157,-8.014923515183177,39.74237566807997,38.56734417336753,49.646853459576214,2.193439906192967,49.646853459576214,-6.082165424115743,35.0,15.151515151515152
2D8x8,A_PA1_to_C1,16,-111.80550111618676,155.16853095706625,-71.04685566781224,-107.57,135.36,-51.8,30.332823855439088,0.47395037274123575,1.137104235985582,-7.9122907952109856,40.214758059555166,38.74467389805816,49.965086730222836,2.2090927136210645,49.965086730222836,-6.026667087939053,35.0,16.161616161616163
2D8x8,A_PA1_to_C1,17,-110.849031768006,156.216148479111,-71.42884697464699,-106.46,136.24,-51.8,30.704976928930133,0.47976526451453333,1.138249279302735,-7.806372150060717,40.70815247225106,38.91889984442872,50.28762479230481,2.226011362727479,50.28762479230481,-5.970777533736193,35.0,17.17171717171717
2D8x8,A_PA1_to_C1,18,-109.88775968148192,157.25996132776058,-71.80920414042144,-105.35,137.1,-51.8,31.077649896876867,0.48558827963870105,1.1393402860422315,-7.701584260737421,41.20223615244976,39.08984658171975,50.6088784686062,2.243254943684755,50.6088784686062,-5.915465737638728,35.0,18.181818181818183
2D8x8,A_PA1_to_C1,19,-108.92107988638196,158.2994494986132,-72.1877053882543,-104.23,137.95,-51.8,31.47525337590417,0.49180083399850266,1.140487131508317,-7.591162960710628,41.7293722934475,39.25734198105732,50.93790192725385,2.262403233488895,50.93790192725385,-5.8591789417398985,35.0,19.19191919191919
2D8x8,A_PA1_to_C1,20,-107.9486474368608,159.33428339378025,-72.56421201203561,-103.1,138.79,-51.8,31.87432358535911,0.4980363060212361,1.1415903345772214,-7.481728113122751,42.25845300147821,39.42121738877227,51.26617634667573,2.2820179048715508,51.26617634667573,-5.803381458278012,35.0,20.2020202020202
2D8x8,A_PA1_to_C1,21,-106.97120712934904,160.36502322437607,-72.93896483167389,-101.97,139.63,-51.8,32.26177417204359,0.504090221438181,1.1426118901165658,-7.37678272063114,42.77212860510174,39.58130779622016,51.58903374891026,2.301345083730846,51.58903374891026,-5.7488521257849445,35.0,21.21212121212121
2D8x8,A_PA1_to_C1,22,-105.9886806011947,161.39156820008367,-73.3119223265337,-100.83,140.45,-51.8,32.654701725389984,0.5102297144592185,1.1436045979001213,-7.271633234397439,43.29306548087913,39.737452005930976,51.91294277709319,2.3215126387430787,51.91294277709319,-5.694487033431063,35.0,22.22222222222222
2D8x8,A_PA1_to_C1,23,-105.00098799462336,162.4138139103925,-73.68304140133728,-99.68,141.27,-51.8,33.065851572228695,0.5166539308160734,1.144628024669712,-7.16295341945159,43.83816117311146,39.88949279392129,52.242811809912205,2.343360586045577,52.242811809912205,-5.639469130576185,35.0,23.232323232323232
2D8x8,A_PA1_to_C1,24,-104.0080483892786,163.43165260561457,-74.05227738223644,-98.53,142.08,-51.8,33.48109958992774,0.5231421810926209,1.1456247737797767,-7.054553403988683,44.38869015274295,40.03727706800559,52.5737107936652,2.36608196584107,52.5737107936652,-5.584627364582526,35.0,24.242424242424242
2D8x8,A_PA1_to_C1,25,-103.00947648346532,164.44471236433247,-74.41947317795704,-97.37,142.87,-51.8,33.92028008750886,0.5300043763673259,1.1466524087978818,-6.9413590646667656,44.97094841985556,40.180656021946966,52.91324240230549,2.390947036098472,52.91324240230549,-5.5287125016271785,35.0,25.252525252525253
2D8x8,A_PA1_to_C1,26,-102.00468577891398,165.4524307713405,-74.78439012090907,-96.21,143.66,-51.8,34.357084327704385,0.536829442620381,1.147638180368072,-6.830221641064132,45.55005628408104,40.31948528529254,53.252088287624055,2.41643328097772,53.252088287624055,-5.473267132804663,35.0,26.262626262626267
2D8x8,A_PA1_to_C1,27,-100.994437870225,166.45540656397864,-75.14728615286857,-95.03,144.44,-51.8,34.80478568782524,0.5438247763722693,1.1486148665975848,-6.717768379723859,46.14361137034662,40.45362506874214,53.595535671085905,2.443423417844924,53.595535671085905,-5.4174276815773315,35.0,27.27272727272727
2D8x8,A_PA1_to_C1,28,-99.97865204218024,167.45352101051787,-75.50811248064947,-93.86,145.21,-51.8,35.235467857773415,0.5505541852777096,1.1495059445035243,-6.610946809055696,46.714602694714344,40.582940304904426,53.93377680149977,2.47034648616112,53.93377680149977,-5.36278332921956,35.0,28.28282828282828
2D8x8,A_PA1_to_C1,29,-98.95724657977786,168.4466515454952,-75.86681827461119,-92.67,145.97,-51.8,35.69640611452276,0.5577563455394181,1.150445729477452,-6.4980577801585735,47.32570704041951,40.70730078429813,54.28470852086418,2.500104081370482,54.28470852086418,-5.30644979506452,35.0,29.292929292929294
2D8x8,A_PA1_to_C1,30,-97.93013914227564,169.4346716568485,-76.22335155664793,-91.48,146.72,-51.8,36.156595360878,0.5649468025137188,1.1513474904766634,-6.386797079044918,47.93581836048596,40.826581286462094,54.63749674118823,2.530955577171712,54.63749674118823,-5.250184128109058,35.0,30.303030303030305
2D8x8,A_PA1_to_C1,31,-96.89724697053715,170.41745089425962,-76.57765923268899,-90.28,147.46,-51.8,36.63247798498908,0.5723824685154544,1.1522546335037254,-6.273221712365874,48.566735702194045,40.94066170604162,54.99881247253007,2.5639690933620147,54.99881247253007,-5.1929337527315305,35.0,31.313131313131315
2D8x8,A_PA1_to_C1,32,-95.85848647488528,171.3948547881875,-76.9296856030413,-89.08,148.19,-51.8,37.122117344004046,0.5800330835000632,1.1531615698683453,-6.157892873587914,49.215891496361614,41.04942717372438,55.368625964303774,2.599132900365256,55.368625964303774,-5.1347250773593425,35.0,32.323232323232325
2D8x8,A_PA1_to_C1,33,-94.81326018775638,172.36626166812076,-77.2791700240405,-87.87,148.91,-51.8,37.6370668608498,0.5880791697007781,1.1540931889501571,-6.038232246979399,49.89860308073405,41.15276817190405,55.751926592739785,2.63721652021957,55.751926592739785,-5.074802406263755,35.0,33.33333333333333
2D8x8,A_PA1_to_C1,34,-93.76170417127643,173.33171905220786,-77.62613400929244,-86.65,149.62,-51.8,38.15489201563729,0.5961701877443326,1.1549935603928494,-5.919543082626796,50.585127138506415,41.250580644955335,56.14126340273913,2.6770423138520054,56.14126340273913,-5.014356364610812,35.0,34.34343434343434
2D8x8,A_PA1_to_C1,35,-92.7040723383632,174.29139429579996,-77.97065069942045,-85.43,150.32,-51.8,38.66453330178726,0.6041333328404259,1.1558412135741785,-5.8042922096925365,51.26080115808856,41.34276610400905,56.533426024477784,2.718115496623066,56.533426024477784,-4.953893894746015,35.0,35.35353535353536
2D8x8,A_PA1_to_C1,36,-91.64028159188727,175.24513757738708,-78.31266006500847,-84.20999999999998,151.01,-51.8,39.175440556038666,0.6121162586881042,1.1566603871306882,-5.690269875587903,51.938153577319646,41.429231726122175,56.93280232824889,2.7611136266619885,56.93280232824889,-4.89274877915559,35.0,36.36363636363637
2D8x8,A_PA1_to_C1,37,-90.57025047081125,176.19279682622724,-78.652099442385,-82.98,151.69,-51.8,39.705353085243345,0.6203961419569273,1.157487695355755,-5.57356641009628,52.64070287692506,41.50989044774262,57.34688261076636,2.8071645467595125,57.34688261076636,-4.829803709304715,35.0,37.37373737373738
2D8x8,A_PA1_to_C1,38,-89.49389790372966,177.13421557530071,-78.9889050592017,-81.73999999999998,152.36,-51.8,40.25510810574765,0.6289860641523071,1.1583224219692863,-5.45412771233726,53.3695590245416,41.58466105237485,57.77699279886141,2.856435355244757,57.77699279886141,-4.7649013248962415,35.0,38.38383838383838
2D8x8,A_PA1_to_C1,39,-88.4111426719469,178.0692323141224,-79.32301148830727,-80.5,153.02,-51.8,40.807646239345104,0.6376194724897672,1.1591311939135083,-5.335716745044796,54.10210497763839,41.65346825235803,58.21792489916868,2.9081110599095212,58.21792489916868,-4.698865569459574,35.0,39.39393939393939
2D8x8,A_PA1_to_C1,40,-87.32190406766502,178.99768111829334,-79.65435128222146,-79.25,153.67,-51.8,41.381362257443044,0.6465837852725476,1.1599476315471295,-5.214451990814294,54.862728221048116,41.71624276467433,58.67755121619358,2.9633359009347866,58.67755121619358,-4.63056037629068,35.0,40.4040404040404
2D8x8,A_PA1_to_C1,41,-86.2261025357334,179.91939200172868,-79.98285537263546,-77.98999999999998,154.31,-51.8,41.977125620190314,0.6558925878154737,1.160770808667198,-5.090293718236066,55.65258147070962,41.77292138071099,59.157336100353476,3.022275210655669,59.157336100353476,-4.559827816885209,35.0,41.41414141414141
2D8x8,A_PA1_to_C1,42,-85.12365930706834,180.83419046085237,-80.30845245386091,-76.73999999999998,154.94,-51.8,42.55879978771187,0.664981246682998,1.1615399335617886,-4.970760221975591,56.423755497495065,41.82344702990613,59.64516536263111,3.0831084615423467,59.64516536263111,-4.48849506046778,35.0,42.42424242424242
2D8x8,A_PA1_to_C1,43,-84.01449627720152,181.7418966549487,-80.63107011321773,-75.47,155.56,-51.8,43.18219278622874,0.6747217622848241,1.1623463565630505,-4.844453818504624,57.25023966299359,41.86776883721387,60.16275816007246,3.14895841218013,60.16275816007246,-4.413445234817156,35.0,43.43434343434344
2D8x8,A_PA1_to_C1,44,-82.89853717976428,182.64232658248503,-80.95063473369008,-74.2,156.17,-51.8,43.81099921162106,0.684546862681579,1.1631300130867999,-4.718884490317905,58.08390086064406,41.905842174331255,60.69797319206545,3.217992329429842,60.69797319206545,-4.336516210191026,35.0,44.44444444444444
2D8x8,A_PA1_to_C1,45,-81.77570602721802,183.53529052099293,-81.26706971245501,-72.93,156.77,-51.8,44.449813446960334,0.6945283351087552,1.1638986667364353,-4.593148805958419,58.930830247818875,41.93762870463514,61.2537123619352,3.2905708895745756,61.2537123619352,-4.257351703531202,35.0,45.45454545454545
2D8x8,A_PA1_to_C1,46,-80.64582348921154,184.42047698396848,-81.58024546867004,-71.65,157.35,-51.8,45.11185047414918,0.7048726636585809,1.1646676691110047,-4.464734816265732,59.80854802977515,41.96309642178394,61.83603933379512,3.3674827566456815,61.83603933379512,-4.175166704745233,35.0,46.464646464646464
2D8x8,A_PA1_to_C1,47,-79.50878396989144,185.297642211527,-81.89006653611777,-70.37,157.93,-51.8,45.78253263924973,0.715352072488277,1.1654213758613003,-4.336551384129824,60.697727393124836,41.982219681945296,62.44077677880333,3.448058006091444,62.44077677880333,-4.090634056891449,35.0,47.474747474747474
2D8x8,A_PA1_to_C1,48,-78.36470409990349,186.16679159789868,-82.19653532246785,-69.08,158.5,-51.8,46.47209322905904,0.7261264567040475,1.166169839425769,-4.206702963628798,61.61193546088484,41.99497922961723,63.07283730167037,3.5328999433288484,63.07283730167037,-4.003152640719301,35.0,48.484848484848484
2D8x8,A_PA1_to_C1,49,-77.21351525637408,187.0277172845943,-82.49957047786444,-67.79,159.06,-51.8,47.169052912089064,0.7370164517513916,1.166898281494594,-4.07740453175516,62.535953124518585,42.001362217016826,63.72910076775792,3.621488291302493,63.72910076775792,-3.9132441894348236,35.0,49.494949494949495
2D8x8,A_PA1_to_C1,50,-76.05515221567958,187.88020837156645,-82.79908752134475,-66.49,159.6,-51.8,47.88556974693498,0.7482120272958591,1.1676188890594645,-3.9464544767802834,63.48589933777758,42.001362217016826,64.41507599658459,3.7144829508751465,64.41507599658459,-3.82024952986217,35.0,50.505050505050505
2D8x8,A_PA1_to_C1,51,-74.88955223574898,188.72404937384064,-83.0949989297513,-65.19,160.14,-51.8,48.6182214787699,0.7596597106057796,1.1683318325050769,-3.8145663038325184,64.45723693160244,41.99497922961723,65.13046308033694,3.8117359047906767,65.13046308033694,-3.724316679257473,35.0,51.515151515151516
2D8x8,A_PA1_to_C1,52,-73.71665496632944,189.559018973578,-83.38721635930006,-63.89,160.66,-51.8,49.35129328239201,0.7711139575373751,1.1690147172840302,-3.6845768956113547,65.42913144968104,41.982219681945296,65.87034586339661,3.91249093866615,65.87034586339661,-3.6262011243167436,35.0,52.52525252525253
2D8x8,A_PA1_to_C1,53,-72.53640296667295,190.384890624968,-83.67564995326215,-62.58,161.18,-51.8,50.12106339717816,0.7831416155809088,1.1697108033366195,-3.550142124828307,66.44967998400585,41.96309642178394,66.6488150791283,4.018498115031981,66.6488150791283,-3.5241513463589325,35.0,53.535353535353536
2D8x8,A_PA1_to_C1,54,-71.34874150332857,191.201432346799,-83.96020704576206,-61.26,161.68,-51.8,50.91204164378775,0.7955006506841836,1.1703970023581993,-3.4141373940288346,67.49834591004597,41.93762870463514,67.46079417130605,4.128951584004511,67.46079417130605,-3.4189710091012655,35.0,54.54545454545454
2D8x8,A_PA1_to_C1,55,-70.15362113228008,192.0084093828919,-84.24079431973101,-59.94,162.18,-51.8,51.71987941804453,0.8081231159069457,1.171072291598657,-3.277397584499889,68.56936392003848,41.905842174331255,68.30515615123704,4.243578309740366,68.30515615123704,-3.3109302298805012,35.0,55.55555555555556
2D8x8,A_PA1_to_C1,56,-68.95099439080366,192.80558006060815,-84.51731481171478,-58.62,162.66,-51.8,52.528833792365994,0.8207630280057187,1.171717938941496,-3.14259247774583,69.64186229999802,41.86776883721387,69.17641901559298,4.361565178702239,69.17641901559298,-3.2008384682950486,35.0,56.56565656565656
2D8x8,A_PA1_to_C1,57,-67.7408184239931,193.5926979010977,-84.78967186808131,-57.3,163.13,-51.8,53.34693055684851,0.833545789950758,1.1723440927318258,-3.0083589318665327,70.7264815101897,41.82344702990613,70.07765949918745,4.483195292869884,70.07765949918745,-3.088408229140241,35.0,57.57575757575758
2D8x8,A_PA1_to_C1,58,-66.52304882046394,194.36950405264457,-85.05776186945315,-55.97,163.59,-51.8,54.21081218931643,0.8470439404580692,1.1729808787384286,-2.8688293789788006,71.87180154393793,41.77292138071099,71.02227947040748,4.609995166220028,71.02227947040748,-2.9721078613208514,35.0,58.58585858585859
2D8x8,A_PA1_to_C1,59,-65.29736445794792,195.13533624133385,-85.32131526549605,-54.63,164.04,-51.8,55.10589380379605,0.8610295906843133,1.173612522168386,-2.7265866394081613,73.05848599974072,41.71624276467433,72.00462885452782,4.741104600673461,72.00462885452782,-2.8527916765520067,35.0,59.59595959595959
2D8x8,A_PA1_to_C1,60,-64.06398870106675,195.89027226448488,-85.58037062872329,-53.3,164.48,-51.8,55.97434943099215,0.8745992098592523,1.174194125991885,-2.5907665652842002,74.20987016033176,41.65346825235803,73.00292807315425,4.873782220959295,73.00292807315425,-2.733194408409801,35.0,60.60606060606061
2D8x8,A_PA1_to_C1,61,-62.8228995497926,196.63404521676424,-85.83482177572114,-51.96,164.91,-51.8,56.870236915010885,0.8885974517970451,1.1747673803946517,-2.452846908475184,75.39762302469084,41.58466105237485,74.03630007743985,5.010230820142569,74.03630007743985,-2.6111058599984287,35.0,61.61616161616161
2D8x8,A_PA1_to_C1,62,-61.574080991881786,197.36638378280423,-86.08456237099055,-50.61,165.33,-51.8,57.79244296912786,0.9030069213926228,1.1753293725986547,-2.3131265959812213,76.6202686156229,41.50989044774262,75.10332684789095,5.150151763039707,75.10332684789095,-2.486816493024519,35.0,62.62626262626263
2D8x8,A_PA1_to_C1,63,-60.3175221924691,198.0870113508912,-86.32948341654753,-49.26,165.73,-51.8,58.71230275014318,0.9173797304709872,1.1758591833709582,-2.1759653752736194,77.8398035563374,41.429231726122175,76.19219670269939,5.292072304396308,76.19219670269939,-2.3617901014212697,35.0,63.63636363636363
2D8x8,A_PA1_to_C1,64,-59.05321894838989,198.7956474068054,-86.56947528206895,-47.91,166.13,-51.8,59.64274511124181,0.9319178923631533,1.1763676635458806,-2.039395177293932,79.07336870735229,41.34276610400905,77.30612429640408,5.436287404994729,77.30612429640408,-2.235721986374352,35.0,64.64646464646465
2D8x8,A_PA1_to_C1,65,-57.78117418123128,199.4920086289987,-86.80442607520538,-46.56,166.51,-51.8,60.568165891255916,0.9463775920508737,1.1768433365571291,-1.9056592045350866,80.30027632890823,41.250580644955335,78.43755770989789,5.581879932271847,78.43755770989789,-2.1095187461909704,35.0,65.65656565656566
2D8x8,A_PA1_to_C1,66,-56.50139772720847,200.1758074461437,-87.03422398879702,-45.2,166.89,-51.8,61.51992388195297,0.9612488106555152,1.1773049152173594,-1.7702318691320276,81.56210139041721,41.15276817190405,79.59593893776913,5.729837130003156,79.59593893776913,-1.9821817964801705,35.0,66.66666666666666
2D8x8,A_PA1_to_C1,67,-55.21390634241263,200.8467522123485,-87.25875552522025,-43.84,167.25,-51.8,62.462598430648136,0.9759781004788771,1.1777309424846165,-1.6381467214947008,82.81188377419215,41.04942717372438,80.76587743524868,5.878416289352346,80.76587743524868,-1.8554416883722533,35.0,67.67676767676768
2D8x8,A_PA1_to_C1,68,-53.9187252008448,201.50454957328992,-87.47790625334092,-42.48,167.6,-51.8,63.400595822778854,0.9906343097309196,1.1781249757933285,-1.5086808722190528,84.05546526086164,40.94066170604162,81.94635692690126,6.027495865917016,81.94635692690126,-1.7294069801765277,35.0,68.68686868686868
2D8x8,A_PA1_to_C1,69,-52.61588688166932,202.14890215357067,-87.69156066867265,-41.12,167.94,-51.8,64.33126048922122,1.0051759451440816,1.178485770538592,-1.3821064393993663,85.28932514063823,40.826581286462094,83.13349964546404,6.176660970250042,83.13349964546404,-1.60447873503073,35.0,69.6969696969697
2D8x8,A_PA1_to_C1,70,-51.305433226217545,202.77951170494575,-87.89960339828632,-39.75,168.27,-51.8,65.29766265938696,1.0202759790529212,1.1788286961536736,-1.2525949398206182,86.57056521398786,40.70730078429813,84.33998847427611,6.3272246230167255,84.33998847427611,-1.479329253418276,35.0,70.70707070707071
2D8x8,A_PA1_to_C1,71,-49.98700076908163,203.3952860211952,-88.10159506690974,-38.38,168.59,-51.8,66.27209340396962,1.0355014594370253,1.1791389055504673,-1.1239338718539562,87.8624494390089,40.582940304904426,85.55223737965181,6.477757251060007,85.55223737965181,-1.355372564320672,35.0,71.71717171717171
2D8x8,A_PA1_to_C1,72,-48.66072424070704,203.99600512794527,-88.29745317406535,-37.0,168.89,-51.8,67.21277609491094,1.0501996264829834,1.179400538171494,-1.0015109885826585,89.10959105059457,40.45362506874214,86.75126311842699,6.626367238160411,86.75126311842699,-1.234483861261844,35.0,72.72727272727273
2D8x8,A_PA1_to_C1,73,-47.32700018966312,204.58196768582224,-88.48730791743925,-35.63,169.19,-51.8,68.09784301065298,1.0640287970414528,1.1796106296741267,-0.8878805397208012,90.28299818382793,40.31948528529254,87.92519979648984,6.77196769093235,87.92519979648984,-1.1177327228500342,35.0,73.73737373737373
2D8x8,A_PA1_to_C1,74,-45.985910393316935,205.15286772437383,-88.67104090949582,-34.25,169.47,-51.8,68.96643231007752,1.0776005048449613,1.179779083540705,-0.7777924548043323,91.43455956485684,40.180656021946966,89.08443503264884,6.915696139240549,89.08443503264884,-1.0039633984851009,35.0,74.74747474747475
2D8x8,A_PA1_to_C1,75,-44.63754649554768,205.7083984412187,-88.84853507484068,-32.87,169.75,-51.8,69.80670012123156,1.090729689394243,1.1799020839179468,-0.6726054846444117,92.548572783403,40.03727706800559,90.22045430710983,7.056809523758545,90.22045430710983,-0.8938998066650521,35.0,75.75757575757575
2D8x8,A_PA1_to_C1,76,-43.28201139690344,206.24825580764937,-89.01967349375997,-31.49,170.01,-51.8,70.60496123992974,1.1032025193739021,1.179976006130087,-0.5738432790871265,93.60689422125492,39.88949279392129,91.32394098426995,7.194522611091541,91.32394098426995,-0.7883071055302215,35.0,76.76767676767676
2D8x8,A_PA1_to_C1,77,-41.919417359232085,206.77213383026503,-89.18434026853464,-30.1,170.26,-51.8,71.4034481858419,1.1156788779037796,1.1799997716605781,-0.47616395698479685,94.66551505710606,39.737452005930976,92.40604821746439,7.330007629369744,92.40604821746439,-0.685992042804398,35.0,77.77777777777779
2D8x8,A_PA1_to_C1,78,-40.54939109286912,207.2785156165476,-89.34193078350054,-28.71,170.5,-51.8,72.16844238667531,1.1276319122918017,1.1799722961096573,-0.38360101783138023,95.67973176340729,39.581307796220166,93.44994011875072,7.461777758033361,93.44994011875072,-0.5884194514824295,35.0,78.78787878787878
2D8x8,A_PA1_to_C1,79,-39.17222385924912,207.7673671887726,-89.49243903545896,-27.33,170.73,-51.8,72.83525713574673,1.1380508927460427,1.1799999684688445,-0.3037145022963222,96.56378377031075,39.42121738877227,94.4273696950832,7.587357211977967,94.4273696950832,-0.498042151171597,35.0,79.7979797979798
2D8x8,A_PA1_to_C1,80,-37.78842126078582,208.2392299301881,-89.63609218903564,-25.94,170.94,-51.8,73.42964347355169,1.1473381792742452,1.1799688155070676,-0.2331192667885855,97.35181138299362,39.25734198105732,95.343361840805,7.70739140000285,95.343361840805,-0.4141907752259428,35.0,80.8080808080808
2D8x8,A_PA1_to_C1,81,-36.398144323079634,208.69380836243155,-89.7727800705817,-24.54,171.15,-51.8,73.96701228026899,1.155734566879203,1.1798751700700547,-0.16978612255072406,98.06424609246473,39.089846581719755,96.19919245897395,7.82214920896466,96.19919245897395,-0.33657147235881985,35.0,81.81818181818183
2D8x8,A_PA1_to_C1,82,-35.001565987997985,209.13081320906835,-89.90239448340782,-23.15,171.34,-51.8,74.42249745289206,1.1628515227014384,1.1799693877825135,-0.11646286036413,98.66812082908825,38.91889984442873,96.98141912204437,7.93055959297433,96.98141912204437,-0.26622930348934043,35.0,82.82828282828282
2D8x8,A_PA1_to_C1,83,-33.59882471196269,209.5498193112597,-90.02477205237446,-21.75,171.53,-51.8,74.83146885778388,1.169241700902873,1.1799994447843007,-0.06886225762990926,99.2103283788826,38.74467389805816,97.69888307067421,8.03355177623944,97.69888307067421,-0.2022080253206775,35.0,83.83838383838383
2D8x8,A_PA1_to_C1,84,-32.18939736157059,209.9482143116595,-90.1388748450846,-20.36,171.7,-51.8,75.13484483392975,1.1739819505301523,1.1799986787586019,-0.03371978093134121,99.61253924919033,38.56734417336753,98.32586449706679,8.128960800041062,98.32586449706679,-0.1466445302676487,35.0,84.84848484848484
2D8x8,A_PA1_to_C1,85,-30.77429878000518,210.328098954824,-90.24555516389712,-18.96,171.86,-51.8,75.32839402922936,1.1770061567067087,1.1799977717457257,-0.011373487047439252,99.86914358311884,38.38708922635802,98.85702495165863,8.216447086000782,98.85702495165863,-0.09984927069108002,35.0,85.85858585858585
2D8x8,A_PA1_to_C1,86,-29.353752174889728,210.6892116692296,-90.34471752312658,-17.56,172.01,-51.8,75.42709522339624,1.1785483628655662,1.1799996773801014,0.0,100.0,38.204090558481724,99.29433859806569,8.296292429396102,99.29433859806569,-0.061510253800752056,35.0,86.86868686868688
2D8x8,A_PA1_to_C1,87,-27.927991414838672,211.031298188544,-90.4362692640794,-16.16,172.14,-51.8,75.42678321726669,1.178543487769792,1.1799999281852271,-3.5929481371874295e-05,99.99958634741452,38.018532433885035,99.63302368515173,8.368159241548605,99.63302368515173,-0.03193378832939664,35.0,87.87878787878788
2D8x8,A_PA1_to_C1,88,-26.49708986336301,211.3533998370832,-90.5198371965285,-14.76,172.27,-51.8,75.31118416304558,1.1767372525475872,1.1799989009744312,-0.013358131465624175,99.84632702610732,37.83060169387034,99.86416310696075,8.431328361060295,99.86416310696075,-0.01180666333616181,35.0,88.88888888888889
2D8x8,A_PA1_to_C1,89,-25.060970741497925,211.65367905566976,-90.594698687592,-13.36,172.38,-51.8,75.08068312953608,1.1731356738990013,1.1799729767124527,-0.039983349202041656,99.54073255395271,37.64048756876262,99.9853139796096,8.485619487977646,99.9853139796096,-0.001275705200789643,35.0,89.8989898989899
2D8x8,A_PA1_to_C1,90,-23.62047023416736,211.93414305010464,-90.6616657715752,-11.95,172.49,-51.8,74.75086870689772,1.1679823235452769,1.179998427365725,-0.07822277565043544,99.10347002692374,37.448381487370604,100.0,8.531338953839544,100.0,0.0,35.0,90.9090909090909
2D8x8,A_PA1_to_C1,91,-22.17586800900967,212.19458342861975,-90.72066392626355,-10.55,172.58,-51.8,74.32252799888384,1.16128949998256,1.1799414854889283,-0.1281381923329964,98.53558297420716,37.25447688423409,99.90670154891383,8.568323025821202,99.90670154891383,-0.008107583208530628,35.0,91.91919191919192
2D8x8,A_PA1_to_C1,92,-20.727453063034623,212.43480425702376,-90.77162563826468,-9.14,172.66,-51.8,73.74004305329507,1.1521881727077354,1.1799531104159127,-0.19647992135301556,97.76333403121976,37.05896900485185,99.68357671219525,8.594605589177487,99.68357671219525,-0.027527752682487486,35.0,92.92929292929293
2D8x8,A_PA1_to_C1,93,-19.27509516286899,212.65187307593305,-90.81339786387645,-7.74,172.73,-51.8,73.03818278158516,1.1412216059622682,1.1799999242044563,-0.2795484731348493,96.8328192478635,36.862054709085946,99.34245798904571,8.611107240269277,99.34245798904571,-0.05730197280890767,35.0,93.93939393939394
2D8x8,A_PA1_to_C1,94,-17.819519238473163,212.8477616926178,-90.84677561774735,-6.33,172.78,-51.8,72.27215911086603,1.1292524861072817,1.17998651179914,-0.3711270712341744,95.81723768735084,36.66393227294048,98.90314301498582,8.619421022925664,98.90314301498582,-0.09579813724230272,35.0,94.94949494949495
2D8x8,A_PA1_to_C1,95,-16.361134123678585,213.0228626326401,-90.87192424144814,-4.92,172.83,-51.8,71.41991225268262,1.115936128948166,1.1799906387359353,-0.4741614124743382,94.68734284563745,36.46480118891455,98.3574683642447,8.618669835509529,98.3574683642447,-0.1438531630398065,35.0,95.95959595959596
2D8x8,A_PA1_to_C1,96,-14.90026325715754,213.17704027493127,-90.8888001372905,-3.52,172.86,-51.8,70.43437267239433,1.1005370730061614,1.1798975006117278,-0.5948546402807432,93.38073070928331,36.264861965130144,97.68853055372013,8.607150963590481,97.68853055372013,-0.20312846147524333,35.0,96.96969696969697
2D8x8,A_PA1_to_C1,97,-13.43703824777575,213.30785671798188,-90.89645133311062,-2.11,172.89,-51.8,69.30925244777168,1.0829570694964326,1.179693055743308,-0.7347233644151439,91.88906485460559,36.06431592343749,96.89487759154598,8.58446239209695,96.89487759154598,-0.27398363184907476,35.0,97.97979797979798
2D8x8,A_PA1_to_C1,98,-11.971971855513626,213.41633410235175,-90.89529536304708,-0.7,172.9,-51.8,68.16610579754473,1.0650954030866364,1.1793983995188735,-0.8791779725617761,90.37349986189145,35.863364996701016,96.02251729878073,8.554441017874044,96.02251729878073,-0.3525382575600362,35.0,98.98989898989899
2D8x8,A_PA1_to_C1,99,-10.505520051148409,213.5035449776888,-90.88576482916936,0.7,172.9,-51.8,67.00351809559068,1.0469299702436043,1.179022716463052,-1.0285955295721376,88.83216024313674,35.662211525470056,95.07267346093062,8.516948697716478,95.07267346093062,-0.4388858695645246,35.0,100.0
2D8x8,A_PA1_to_C1,100,-9.03802752308437,213.56942533875437,-90.86784563242011,2.11,172.89,-51.8,65.69603432016477,1.0265005362525745,1.1785192288108857,-1.1997645666397916,87.09871979769274,35.46105805423909,94.00137580791102,8.467650409251256,94.00137580791102,-0.5373158000461691,35.0,101.01010101010101
2D8x8,A_PA1_to_C1,101,-7.569807923952865,213.61171415695904,-90.84065939040936,3.52,172.86,-51.8,64.29034713407653,1.0045366739699457,1.1778899105779204,-1.3876322434390134,85.2350828885357,35.26010712750262,92.82835894596776,8.407940909220363,92.82835894596776,-0.6463865419431979,35.0,102.020202020202
2D8x8,A_PA1_to_C1,102,-6.101304348598901,213.63124009584075,-90.8045463307863,4.92,172.83,-51.8,62.926362139185244,0.9832244084247694,1.1771980919735308,-1.5738951519712208,83.42673405732126,35.05956108580997,91.6080111360126,8.342539592778856,91.6080111360126,-0.7613309109155592,35.0,103.03030303030303
2D8x8,A_PA1_to_C1,103,-4.63290635035838,213.62934326947368,-90.76004220259485,6.33,172.78,-51.8,61.56114164198476,0.9618928381560119,1.1764263574589846,-1.7644143548519278,81.61674721750323,34.859621862025556,90.32783079607604,8.269978181089304,90.32783079607604,-0.8835683826660898,35.0,104.04040404040404
2D8x8,A_PA1_to_C1,104,-3.164963838314088,213.606033551836,-90.70716071871894,7.74,172.73,-51.8,60.09473179700743,0.938980184328241,1.175511091707097,-1.9738196328779236,79.6726052077464,34.66049077799963,88.95466690344132,8.186680598500361,88.95466690344132,-1.0166252445198223,35.0,105.05050505050507
2D8x8,A_PA1_to_C1,105,-1.697943285825935,213.55919295710223,-90.64508693655804,9.14,172.66,-51.8,58.58347983237085,0.9153668723807945,1.1744715639997303,-2.1950443578573022,77.66901225462972,34.462368341854166,87.51312991542984,8.094561934811184,87.51312991542984,-1.1585356659462085,35.0,106.06060606060606
2D8x8,A_PA1_to_C1,106,-0.2322283949211495,213.48964013175785,-90.57415246751472,10.55,172.58,-51.8,57.12321500006182,0.8925502343759659,1.1733718336274903,-2.4142948109995053,75.73301720141431,34.26545404608826,86.04259732340272,7.997140415551396,86.04259732340272,-1.3057297652739928,35.0,107.07070707070707
2D8x8,A_PA1_to_C1,107,1.2318954371084,213.3988401321371,-90.494939805427,11.95,172.49,-51.8,55.73092555474682,0.870795711792919,1.1722327430641752,-2.628622544269228,73.88714279621365,34.069946166706025,84.55366432564774,7.89521972269074,84.55366432564774,-1.457351330354991,35.0,108.08080808080808
2D8x8,A_PA1_to_C1,108,2.6940895608745743,213.2868762750944,-90.40749239818872,13.36,172.38,-51.8,54.2680949700501,0.8479389839070328,1.1709322376594409,-2.8596561310011226,71.94774611075972,33.8760415635695,82.99991279229586,7.7836995804081734,82.99991279229586,-1.6184472787061326,35.0,109.09090909090908
2D8x8,A_PA1_to_C1,109,4.153793231843601,213.15203258624496,-90.31115359116733,14.76,172.27,-51.8,52.78210235426354,0.8247203492853679,1.1694982648413395,-3.100813967381113,69.9776415861384,33.68393548217748,81.40341676903684,7.664396143976574,81.40341676903684,-1.7871473192193026,35.0,110.1010101010101
2D8x8,A_PA1_to_C1,110,5.610639042819751,212.9946945263486,-90.20608538842838,16.16,172.14,-51.8,51.38340951987806,0.8028657737480946,1.1680347762306704,-3.334089292536409,68.1232776732197,33.49382135706978,79.80953960572353,7.5418021176823675,79.80953960572353,-1.958903889649608,35.0,111.11111111111111
2D8x8,A_PA1_to_C1,111,7.064485336711198,212.81660122945664,-90.09297442379186,17.56,172.01,-51.8,50.06188115421939,0.782216893034678,1.1665446929282453,-3.5604043604408044,66.37121714146433,33.305890617055084,78.21934830731588,7.415862836999167,78.21934830731588,-2.133716134774576,35.0,112.12121212121211
2D8x8,A_PA1_to_C1,112,8.51502038884186,212.61790787921868,-89.97189010856013,18.96,171.86,-51.8,48.739565997707764,0.7615557187141838,1.1649357827143862,-3.7929145043664154,64.61811349536043,33.120332492458395,76.608983829453,7.283700274961714,76.608983829453,-2.314405965368908,35.0,113.13131313131312
2D8x8,A_PA1_to_C1,113,9.961751170364485,212.3978116720477,-89.84253296538209,20.36,171.7,-51.8,47.38209846618648,0.7403452885341637,1.1631502409758856,-4.038261839667726,62.81840540969067,32.93733382458208,74.97058935521585,7.144049669093841,74.97058935521585,-2.5021815017086486,35.0,114.14141414141415
2D8x8,A_PA1_to_C1,114,11.404091829012076,212.15529861284764,-89.70452284322879,21.75,171.53,-51.8,46.11055847132734,0.7204774761144896,1.1613456959990522,-4.274540013234349,61.132618636259785,32.75707887757258,73.35340861235768,7.00230266251896,73.35340861235768,-2.691594008017832,35.0,115.15151515151516
2D8x8,A_PA1_to_C1,115,12.842164013141216,211.89280589036773,-89.55881087418322,23.15,171.34,-51.8,44.931201179274375,0.7020500184261621,1.1595439748781502,-4.499587076710227,59.569046171272234,32.57974915288195,71.76436305461755,6.859221969523231,71.76436305461755,-2.881823307600661,35.0,116.16161616161615
2D8x8,A_PA1_to_C1,116,14.27569473601576,211.61054562237044,-89.40548865092514,24.54,171.15,-51.8,43.80298159235149,0.6844215873804921,1.1576968930110951,-4.720474194511023,58.07327123312649,32.40552320651138,70.19285071655482,6.713476856477026,70.19285071655482,-3.074142387735608,35.0,117.17171717171718
2D8x8,A_PA1_to_C1,117,15.704420609000886,211.30873996345576,-89.24465069119623,25.94,170.94,-51.8,42.63843615016965,0.6662255648464008,1.1556416421749698,-4.954522304176383,56.52933607463637,32.23457646922036,68.61104060973679,6.5614407570484605,68.61104060973679,-3.272119875346344,35.0,118.18181818181819
2D8x8,A_PA1_to_C1,118,17.127467061117866,210.9853888030928,-89.07554022675586,27.33,170.73,-51.8,41.51530727646056,0.6486766761946963,1.1535096047707398,-5.186382523806605,55.04031032018744,32.06708106988279,67.05166776749269,6.407003094524187,67.05166776749269,-3.471808310547017,35.0,119.19191919191918
2D8x8,A_PA1_to_C1,119,18.54500242105926,210.64245975846785,-88.89892252982663,28.71,170.5,-51.8,40.50967512849205,0.6329636738826883,1.1514628605092312,-5.399372451467865,53.70705978867739,31.90320566216783,65.54664580933569,6.254322981727364,65.54664580933569,-3.668990547446767,35.0,120.2020202020202
2D8x8,A_PA1_to_C1,120,19.95695951902884,210.28081088695933,-88.71513602499982,30.1,170.26,-51.8,39.544980056475325,0.617890313382427,1.1493618073693814,-5.608720441001481,52.428082957925085,31.74311525471995,64.07152627934745,6.100310473732948,64.07152627934745,-3.8666986068481997,35.0,121.21212121212122
2D8x8,A_PA1_to_C1,121,21.36312255140996,209.9007043348374,-88.52429015015632,31.49,170.01,-51.8,38.618211993339614,0.6034095623959315,1.1472040182524943,-5.814704412823028,51.19938913060632,31.586971045009136,62.62865921215016,5.945302637856676,62.62865921215016,-4.064537716156697,35.0,122.22222222222223
2D8x8,A_PA1_to_C1,122,22.763287163308185,209.50241116711732,-88.32649553713337,32.87,169.75,-51.8,37.697008964990914,0.589015765077983,1.1449079322772768,-6.024409800618641,49.97807333471053,31.434930257018813,61.20933838960646,5.788103682069426,61.20933838960646,-4.263646295099072,35.0,123.23232323232322
2D8x8,A_PA1_to_C1,123,24.15657910066909,209.08432508444196,-88.12115160875746,34.25,169.47,-51.8,36.805409357656146,0.5750845212133773,1.1425264830435873,-6.232314609815518,48.79600526660573,31.287145982934522,59.82532474731859,5.63038232388532,59.82532474731859,-4.462298704909578,35.0,124.24242424242425
2D8x8,A_PA1_to_C1,124,25.543293466436644,208.6482072407228,-87.90893755362836,35.63,169.19,-51.8,35.99306356655693,0.562391618227452,1.140215989933802,-6.426171389922862,47.71901060216418,31.143767028993146,58.497516853539175,5.475325784680665,58.497516853539175,-4.6572513756877045,35.0,125.25252525252526
2D8x8,A_PA1_to_C1,125,26.92344255045924,208.19485717158383,-87.69016649807516,37.0,168.89,-51.8,35.235896271478765,0.5505608792418557,1.1379250396600955,-6.61084120150261,46.71517067854573,31.004937765647583,57.21941648859781,5.32225121397558,57.21941648859781,-4.849131507012968,35.0,126.26262626262626
2D8x8,A_PA1_to_C1,126,28.296872416348656,207.724568192602,-87.46495907252391,38.38,168.59,-51.8,34.49922501716401,0.5390503908931876,1.1355570896301577,-6.794360872248658,45.73850406804864,30.870797982197963,55.980338350829285,5.16975326622484,55.980338350829285,-5.039289618842632,35.0,127.27272727272727
2D8x8,A_PA1_to_C1,127,29.663439688942976,207.23763640733537,-87.2334345109946,39.75,168.27,-51.8,33.80323539059906,0.5281755529781104,1.1331815622765573,-6.971382264883435,44.81577248929223,30.741482746035686,54.78948925975067,5.019448822716074,54.78948925975067,-5.226054959623314,35.0,128.2828282828283
2D8x8,A_PA1_to_C1,128,31.023012683729167,206.73436170913817,-86.99571479085466,41.12,167.94,-51.8,33.10541688630362,0.5172721388484941,1.1306480910411423,-7.152566434268746,43.89061621457599,30.61712226664198,53.63273986724902,4.869312305219578,53.63273986724902,-5.411400324459245,35.0,129.2929292929293
2D8x8,A_PA1_to_C1,129,32.37470356525212,206.2133764793259,-86.75128976688967,42.48,167.6,-51.8,32.444444728809756,0.5069444488876524,1.1281030513939303,-7.327740741722301,43.014310219314964,30.49784176447801,52.525541991847625,4.722028712713024,52.525541991847625,-5.592589151460954,35.0,130.3030303030303
2D8x8,A_PA1_to_C1,130,33.719101063085496,205.67660809481976,-86.50089817554122,43.84,167.25,-51.8,31.840739282860003,0.49751155129468755,1.1256481134875973,-7.490884804145651,42.213927486608995,30.383761344898485,51.476369716530144,4.579327505509298,51.476369716530144,-5.76784177135587,35.0,131.31313131313132
2D8x8,A_PA1_to_C1,131,35.05617762104751,205.12451340531013,-86.24471920298933,45.2,166.89,-51.8,31.263651818685936,0.48849455966696775,1.1231710288171652,-7.649753550924857,41.44883443554442,30.274995877215733,50.47466338385232,4.439786772726441,50.47466338385232,-5.938531373797579,35.0,132.32323232323233
2D8x8,A_PA1_to_C1,132,36.38584781708681,204.55739637263824,-85.98287507018212,46.56,166.51,-51.8,30.70972063464336,0.4798393849163025,1.1206604405739176,-7.8050303440756,40.714441599121415,30.17165487903605,49.519619890745545,4.303563421014455,49.519619890745545,-6.104453951804527,35.0,133.33333333333331
2D8x8,A_PA1_to_C1,133,37.70803641502904,203.97556182960767,-85.71548684828234,47.91,166.13,-51.8,30.18476243223195,0.4716369130036242,1.1181606748959774,-7.9547924158645875,40.01846066434378,30.073842405984774,48.61362115432236,4.171381052416718,48.61362115432236,-6.264840555770288,35.0,134.34343434343435
2D8x8,A_PA1_to_C1,134,39.02267691114972,203.37931197772247,-85.44267500237241,49.26,165.73,-51.8,29.68015624406266,0.46375244131347904,1.1156304523287235,-8.10122400099074,39.34946209469879,29.98165694693105,47.753528128896896,4.042996661208524,47.753528128896896,-6.419890726502207,35.0,135.35353535353536
2D8x8,A_PA1_to_C1,135,40.32971261578653,202.76894899163807,-85.16455939825487,50.61,165.33,-51.8,29.192744563582544,0.45613663380597724,1.1130651666106124,-8.245049113677771,38.70325972002623,29.895191324817926,46.93801533939814,3.9184677074380563,46.93801533939814,-6.569505548847304,35.0,136.36363636363635
2D8x8,A_PA1_to_C1,136,41.62902929258818,202.1446564938012,-84.8812160005424,51.96,164.91,-51.8,28.71061788751389,0.44860340449240454,1.1103914543007378,-8.38969687515284,38.06406411711893,29.814532603197485,46.16236013978199,3.79719998953329,46.16236013978199,-6.714239902817319,35.0,137.37373737373736
2D8x8,A_PA1_to_C1,137,42.92008254787703,201.5058761804476,-84.59244212770967,53.3,164.48,-51.8,28.255624068104762,0.4414941260641369,1.1077468101398786,-8.52844958225375,37.460840808490175,29.73976199856526,45.4340921199517,3.6808873124559693,45.4340921199517,-6.852362915004466,35.0,138.3838383838384
2D8x8,A_PA1_to_C1,138,44.20344095580125,200.8539741852588,-84.29875593198065,54.63,164.04,-51.8,27.836974021063337,0.43495271907911465,1.1052071604148275,-8.658107175311063,36.90580147441336,29.670954798582077,44.75594956766133,3.570385076981264,44.75594956766133,-6.982984483986514,35.0,139.3939393939394
2D8x8,A_PA1_to_C1,139,45.479083879422326,200.1892406876478,-84.00027201496113,55.97,163.59,-51.8,27.42666822797382,0.42854169106209095,1.1026014149368906,-8.787086597514534,36.36182481473384,29.608180286265778,44.11686015534203,3.463857582312172,44.11686015534203,-7.1079080868005375,35.0,140.4040404040404
2D8x8,A_PA1_to_C1,140,46.74699928704412,199.5119648380151,-83.69710381974916,57.3,163.13,-51.8,27.036488284518505,0.42244512944560164,1.1000167749023717,-8.911542032240874,35.84453067487641,29.551501670229115,43.52027050358036,3.362240629604858,43.52027050358036,-7.226168278216286,35.0,141.41414141414143
2D8x8,A_PA1_to_C1,141,48.007181537454464,198.82243129729403,-83.3893624432826,58.62,162.66,-51.8,26.665149057704248,0.4166429540266289,1.0974551326446285,-9.031667343552579,35.35221524669448,29.500976021033974,42.964728648124364,3.2655137739102265,42.964728648124364,-7.3377585346368255,35.0,142.42424242424244
2D8x8,A_PA1_to_C1,142,49.25963216287593,198.12092114404783,-83.07715879174981,59.94,162.18,-51.8,26.30590549676447,0.41102977338694485,1.0948733217833677,-9.149482546219426,34.87593605302305,29.456654213726235,42.44669726872813,3.173209744805208,42.44669726872813,-7.443121921718852,35.0,143.43434343434342
2D8x8,A_PA1_to_C1,143,50.504359087927725,197.4077115489707,-82.76060183738355,61.26,161.68,-51.8,25.958294025787794,0.4055983441529343,1.0922685442297297,-9.265024711746928,34.415078492557356,29.418580876608857,41.96488661491111,3.0852867014080525,41.96488661491111,-7.542278919424501,35.0,144.44444444444443
2D8x8,A_PA1_to_C1,144,51.74137630049833,196.68307631020824,-82.4397969481123,62.58,161.18,-51.8,25.621526261516877,0.4003363478362012,1.0896472034328304,-9.378447720342649,33.96859733976538,29.386794346304974,41.517839476741415,3.0016506342276843,41.517839476741415,-7.635305091507347,35.0,145.45454545454547
2D8x8,A_PA1_to_C1,145,52.97070413149112,195.9472847727104,-82.11485016116147,63.89,160.66,-51.8,25.300398425442516,0.3953187253975393,1.087049666910203,-9.488000449846002,33.542851346070066,29.36132662915617,41.106117690104966,2.92261573927902,41.106117690104966,-7.721870773506632,35.0,146.46464646464648
2D8x8,A_PA1_to_C1,146,54.19236807897806,195.20060217646076,-81.78586373787523,65.19,160.14,-51.8,24.993723867732623,0.39052693543332223,1.0844835989097588,-9.593928310036064,33.136267270677,29.342203368994813,40.72806074914635,2.8480201795702613,40.72806074914635,-7.8021253637085275,35.0,147.47474747474746
2D8x8,A_PA1_to_C1,147,55.40639861693578,194.44328844032668,-81.45293907592712,66.49,159.6,-51.8,24.696103080339952,0.38587661063031176,1.0818969125087474,-9.697979073993508,32.74168653478735,29.329443821322883,40.38044804117654,2.777346117622896,40.38044804117654,-7.876577333042666,35.0,148.4848484848485
2D8x8,A_PA1_to_C1,148,56.61283103800743,193.6755986866025,-81.11617586847466,67.79,159.06,-51.8,24.40694181761022,0.3813584659001597,1.079296606361198,-9.800280340841926,32.35832129730431,29.323060833923282,40.06182538934996,2.710428647354214,40.06182538934996,-7.945385325281683,35.0,149.4949494949495
2D8x8,A_PA1_to_C1,149,57.811705742301854,192.89778461982107,-80.77567078527012,69.08,158.5,-51.8,24.130562527730703,0.37704003949579223,1.0767235255473826,-9.899198733457395,31.99190218881159,29.323060833923282,39.77255518842093,2.647483835395075,39.77255518842093,-8.00833013724082,35.0,150.5050505050505
2D8x8,A_PA1_to_C1,150,59.0030673546265,192.1100930008785,-80.431518605454,70.37,157.93,-51.8,23.861799200345942,0.37284061250540534,1.0741345875843293,-9.996483923045975,31.635580197902684,29.329443821322883,39.50952717753252,2.587960098246777,39.50952717753252,-8.065963352418784,35.0,151.5151515151515
2D8x8,A_PA1_to_C1,151,60.18696445293098,191.3127651870468,-80.0838131635974,71.65,157.35,-51.8,23.60455208893363,0.36882112638958797,1.0715778451332754,-10.090632381285626,31.29452621637203,29.342203368994813,39.27298868380206,2.532024592111786,39.27298868380206,-8.118120951167002,35.0,152.52525252525254
2D8x8,A_PA1_to_C1,152,61.363448392895926,190.5060368241799,-79.73264497029759,72.93,156.77,-51.8,23.353998147106818,0.36490622104854403,1.0690099921288538,-10.18332282972388,30.962345928791375,29.36132662915617,39.0600087183387,2.4791332305453366,39.0600087183387,-8.165353282240314,35.0,153.53535353535352
2D8x8,A_PA1_to_C1,153,62.53257525076112,189.69013986366625,-79.37810395588245,74.2,156.17,-51.8,23.114068460910875,0.3611573197017324,1.0664723780816032,-10.273019752681694,30.644251104265347,29.386794346304974,38.87091003077944,2.42944989144472,38.87091003077944,-8.207505834290313,35.0,154.54545454545453
2D8x8,A_PA1_to_C1,154,63.69440350185478,188.86530081635576,-79.02027652704841,75.47,155.56,-51.8,22.88024524506453,0.35750383195413327,1.0639212329165078,-10.361334154208429,30.334252137509672,29.418580876608857,38.70294696949676,2.3824463185562346,38.70294696949676,-8.245119302276319,35.0,155.55555555555557
2D8x8,A_PA1_to_C1,155,64.8489950311793,188.0317417660356,-78.65924735945033,76.73999999999998,154.94,-51.8,22.652343217221947,0.3539428627690929,1.0613571810848776,-10.448284993596115,30.032103384243232,29.456654213726235,38.555008801637655,2.337947798624864,38.555008801637655,-8.278383867899196,35.0,156.56565656565658
2D8x8,A_PA1_to_C1,156,65.99641377848022,187.18967854614155,-78.29510006010506,77.98999999999998,154.31,-51.8,22.437421622928404,0.3505847128582563,1.0588776323513096,-10.531088680567336,29.7471638758915,29.500976021033974,38.428692898182085,2.2963845636623255,38.428692898182085,-8.306887744884726,35.0,157.57575757575756
2D8x8,A_PA1_to_C1,157,67.13672726207854,186.3393236804872,-77.92791593936606,79.25,153.67,-51.8,22.224154765006947,0.34725241820323355,1.0563384371468827,-10.614042602982387,29.46441818975601,29.551501670229108,38.31888142775415,2.256665368537766,38.31888142775415,-8.33174353928338,35.0,158.58585858585857
2D8x8,A_PA1_to_C1,158,68.27000362544098,185.4808832655693,-77.55777279708339,80.5,153.02,-51.8,22.019538446212362,0.34405528822206816,1.0538370987507903,-10.69438342922766,29.19314124585599,29.608180286265778,38.22724054558393,2.2192246563940947,38.22724054558393,-8.352541012718614,35.0,159.5959595959596
2D8x8,A_PA1_to_C1,159,69.3963146922312,184.6145597302445,-77.1847486605872,81.73999999999998,152.36,-51.8,21.823150958543906,0.3409867337272485,1.0513745315892953,-10.772198521152266,28.932773950672736,29.670954798582073,38.15275551990576,2.1838877535085475,38.15275551990576,-8.369481807459232,35.0,160.6060606060606
2D8x8,A_PA1_to_C1,160,70.51573242914215,183.74054930316348,-76.80891769989609,82.98,151.69,-51.8,21.63139556667678,0.3379905557293247,1.0489034028835102,-10.84885687410085,28.678547811777694,29.73976199856526,38.09329060430065,2.1502200243725516,38.09329060430065,-8.383030203087884,35.0,161.6161616161616
2D8x8,A_PA1_to_C1,161,71.62833176385743,182.8590444248774,-76.43035371243633,84.20999999999998,151.01,-51.8,21.447308399430987,0.3351141937411092,1.0464730735019667,-10.923091723536324,28.434488078732727,29.814532603197485,38.049195046475226,2.1183493612252366,38.049195046475226,-8.393090531125372,35.0,162.62626262626264
2D8x8,A_PA1_to_C1,162,72.73418891237762,181.9702330772119,-76.04912746341594,85.43,150.32,-51.8,21.27053371525823,0.33235208930090987,1.044084334832077,-10.99497991293257,28.200123115254826,29.895191324817922,38.01961552385521,2.0881276706232526,38.01961552385521,-8.399845585662108,35.0,163.63636363636365
2D8x8,A_PA1_to_C1,163,73.83338034769403,181.07429724503453,-75.66530789168684,86.65,149.62,-51.8,21.09782850138306,0.3296535703341103,1.041690397318783,-11.065792503167518,27.971153388442914,29.98165694693105,38.00268026317404,2.0591719423928763,38.00268026317404,-8.403715445317854,35.0,164.64646464646464
2D8x8,A_PA1_to_C1,164,74.92598411421237,180.1714145158533,-75.27896292817486,87.87,148.91,-51.8,20.92916702498615,0.3270182347654086,1.03929293177628,-11.135508780366912,27.74754478214915,30.07384240598477,37.99774219280086,2.0313774445552073,37.99774219280086,-8.404844163631802,35.0,165.65656565656565
2D8x8,A_PA1_to_C1,165,76.01207975140402,179.2617589762031,-74.89015774945686,89.08,148.19,-51.8,20.767272989703695,0.32448864046412024,1.0369409770760958,-11.2029582215816,27.532908337774657,30.171654879036048,38.00520497173836,2.004878955526528,38.00520497173836,-8.403138417292453,35.0,166.66666666666669
2D8x8,A_PA1_to_C1,166,77.09174762221413,178.34549973922313,-74.49895691208107,90.28,147.46,-51.8,20.61187065534198,0.32206047898971846,1.0346355593741494,-11.268199488217473,27.326878483514133,30.274995877215733,38.02440682673151,1.9795671039114417,38.02440682673151,-8.398751042612577,35.0,167.67676767676767
2D8x8,A_PA1_to_C1,167,78.16506757020038,177.42280052578397,-74.10542222749868,91.48,146.72,-51.8,20.460127983996955,0.3196894997499524,1.032331104857176,-11.332380737597612,27.125700550179165,30.383761344898485,38.05378130615856,1.9551256363456129,38.05378130615856,-8.392043640519553,35.0,168.68686868686868
2D8x8,A_PA1_to_C1,168,79.23212000205737,176.49382133220942,-73.70961251769542,92.67,145.97,-51.8,20.310988496450072,0.3173591952570324,1.0300139369960104,-11.395926454233607,26.92797387502991,30.49784176447801,38.092447980787924,1.931395527099493,38.092447980787924,-8.383222337074486,35.0,169.6969696969697
2D8x8,A_PA1_to_C1,169,80.2922457066076,175.5579947426321,-73.31132774143597,93.86,145.21,-51.8,20.165260047250822,0.3150821882382941,1.0276970730175927,-11.458471118903763,26.73476949831669,30.61712226664198,38.14024277508563,1.9083816925751855,38.14024277508563,-8.372330937103637,35.0,170.7070707070707
2D8x8,A_PA1_to_C1,170,81.34621913040817,174.61616876514668,-72.91087417856407,95.03,144.44,-51.8,20.03120083803556,0.3129875130943056,1.0255382371260886,-11.516407951542522,26.55703600769477,30.741482746035686,38.19976983079603,1.8867187047011316,38.19976983079603,-8.358785077638256,35.0,171.7171717171717
2D8x8,A_PA1_to_C1,171,82.39413102461414,173.66849982189953,-72.50831209760779,96.21,143.66,-51.8,19.898266524328516,0.31091041444263307,1.0238682137733353,-11.574242784824234,26.38079388500222,30.870797982197956,38.266745078428514,1.8654733500460354,38.266745078428514,-8.343569535021437,35.0,172.72727272727272
2D8x8,A_PA1_to_C1,172,83.43606417922192,172.71513292392234,-72.10369582975609,97.37,142.87,-51.8,19.773210347022683,0.3089564116722294,1.0223625270830736,-11.62900393002197,26.214996465738693,31.00493776564758,38.34326932667641,1.8451655230249555,38.34326932667641,-8.326217197963592,35.0,173.73737373737376
2D8x8,A_PA1_to_C1,173,84.4721014411665,171.75620943958634,-71.69707749993427,98.53,142.08,-51.8,19.6511895262418,0.30704983634752814,1.0208831991228482,-11.682770773425698,26.053223272140976,31.143767028993135,38.4272008717316,1.825352171937264,38.4272008717316,-8.307224988431107,35.0,174.74747474747474
2D8x8,A_PA1_to_C1,174,85.50232556270262,170.791866357757,-71.28850885598135,99.68,141.27,-51.8,19.534801677434295,0.30523127620991086,1.0194585242608436,-11.73436752785955,25.898918179968465,31.28714598293452,38.51915380058309,1.8062157859164922,38.51915380058309,-8.286465242878407,35.0,175.75757575757575
2D8x8,A_PA1_to_C1,175,86.52681905914028,169.82223673745816,-70.87804031093589,100.83,140.45,-51.8,19.421701273565738,0.30346408239946465,1.0180596743311041,-11.784802259507686,25.748971528127267,31.434930257018806,38.61794214006398,1.7875325275966747,38.61794214006398,-8.264217449571824,35.0,176.76767676767676
2D8x8,A_PA1_to_C1,176,87.54566407425344,168.8474505459108,-70.46571908527208,101.97,139.63,-51.8,19.311881976197903,0.30174815587809223,1.016698935417346,-11.83405568627619,25.60337491322041,31.586971045009133,38.72325596913684,1.769277693465143,38.72325596913684,-8.24056266054823,35.0,177.77777777777777
2D8x8,A_PA1_to_C1,177,88.55844803780349,167.867192725398,-70.05143424762115,103.1,138.79,-51.8,19.205550926112792,0.3000867332205124,1.0153656994825708,-11.882012262959677,25.462402959083523,31.74311525471995,38.834877971338045,1.7514479772505718,38.834877971338045,-8.215561103330577,35.0,178.78787878787878
2D8x8,A_PA1_to_C1,178,89.56514571001105,166.8815077296887,-69.63520370616975,104.23,137.95,-51.8,19.103809793335447,0.29849702802086636,1.0140897788834398,-11.928147949487515,25.327516241683085,31.90320566216784,38.95293225600635,1.7341166408070132,38.95293225600635,-8.189196888367116,35.0,179.7979797979798
2D8x8,A_PA1_to_C1,179,90.56640539812672,165.89102646115222,-69.21725653762716,105.35,137.1,-51.8,19.008962256704137,0.29701503526100215,1.0129045351892185,-11.97137949062318,25.20176894046408,32.06708106988279,39.07799592773441,1.717457071080854,39.07799592773441,-8.16135433399035,35.0,180.80808080808083
2D8x8,A_PA1_to_C1,180,91.56230890900198,164.8958659730496,-68.79763588335707,106.46,136.24,-51.8,18.91905568636252,0.29561024509941436,1.011782227270687,-12.012558547834857,25.082572290937357,32.23457646922036,39.20909048698471,1.7012959986412288,39.20909048698471,-8.132264633753575,35.0,181.8181818181818
2D8x8,A_PA1_to_C1,181,92.55293700046964,163.896139665199,-68.3763832599028,107.57,135.36,-51.8,18.832798389469176,0.29426247483545587,1.010690779544466,-12.052250514410677,24.96821378801759,32.40552320651138,39.34548882326176,1.6855181501725736,39.34548882326176,-8.10210109404006,35.0,182.82828282828282
2D8x8,A_PA1_to_C1,182,93.5383696865723,162.89195751358884,-67.95353909558447,108.67,134.48,-51.8,18.751112501696472,0.2929861328390074,1.0096676888211304,-12.090006868475957,24.85991598398474,32.57974915288195,39.48728513247456,1.6701907918060963,39.48728513247456,-8.070854485317797,35.0,183.83838383838383
2D8x8,A_PA1_to_C1,183,94.51868676017396,161.8834265470593,-67.52914318940918,109.76,133.6,-51.8,18.67081477228335,0.29173148081692735,1.0086638482929822,-12.127282248825939,24.753458577431697,32.757078877572575,39.633070090658116,1.655050977068637,39.633070090658116,-8.038845693468158,35.0,184.84848484848484
2D8x8,A_PA1_to_C1,184,95.49271186178296,160.8696074210233,-67.1028632821566,110.84,132.7,-51.8,18.595516549423497,0.29055494608474214,1.0077201331694565,-12.162382722661603,24.653629434287794,32.93733382458208,39.78393826174159,1.6403866161958978,39.78393826174159,-8.005844554606592,35.0,185.85858585858585
2D8x8,A_PA1_to_C1,185,96.46170388940378,159.85160660413624,-66.67509437547085,111.92,131.79,-51.8,18.526676727002933,0.2894793238594208,1.006864959290067,-12.194597186995615,24.562362732028244,33.12033249245839,39.940197134865315,1.6263103225179945,39.940197134865315,-7.97179591781263,35.0,186.86868686868686
2D8x8,A_PA1_to_C1,186,97.42578646563032,158.82956069145675,-66.24588697364936,112.99,130.88,-51.8,18.462343584471476,0.2884741185073668,1.0060828530815222,-12.224811079379839,24.47707091170702,33.30589061705508,40.100903745016176,1.6126621783174375,40.100903745016176,-7.936916793456307,35.0,187.87878787878788
2D8x8,A_PA1_to_C1,187,98.38503709192018,157.8035656055637,-65.81527629218839,114.05,129.95,-51.8,18.40312596263992,0.28754884316624874,1.0053653132275444,-12.252715683692124,24.398561164438924,33.49382135706978,40.266059874878664,1.5994887070958896,40.266059874878664,-7.901217300236087,35.0,188.88888888888889
2D8x8,A_PA1_to_C1,188,99.33953257020568,156.7737146908155,-65.3832963626497,115.1,129.02,-51.8,18.346972650523917,0.2866714476644362,1.0046991961604121,-12.279259386693575,24.324114028499654,33.68393548217748,40.43469171646847,1.586626189130188,40.43469171646847,-7.864917274065688,35.0,189.8989898989899
2D8x8,A_PA1_to_C1,189,100.28870623937988,155.7395876756556,-64.94979971852082,116.15,128.08,-51.8,18.29289512356783,0.28582648630574736,1.0040526828260534,-12.304898768090935,24.25241893432173,33.8760415635695,40.60621840668966,1.5739977833259369,40.60621840668966,-7.82814907578837,35.0,190.9090909090909
2D8x8,A_PA1_to_C1,190,101.23243476882728,154.7011333967404,-64.5147688375107,117.19,127.13,-51.8,18.244785045781555,0.2850747663403368,1.003496896376888,-12.327772637789007,24.188635385924716,34.06994616670602,40.781855484232274,1.5619106796475457,40.781855484232274,-7.790660373398187,35.0,191.91919191919192
2D8x8,A_PA1_to_C1,191,102.17160842977847,153.6590922034527,-64.07846897385889,118.22,126.17,-51.8,18.202883368484066,0.28442005263256354,1.0030364676233312,-12.347743929278021,24.13308283259705,34.26545404608826,40.9614774581367,1.5503824411300247,40.9614774581367,-7.752487739695365,35.0,192.92929292929293
2D8x8,A_PA1_to_C1,192,103.10630135656044,152.6135477256028,-63.64093019392647,119.24,125.21,-51.8,18.165250439199934,0.28383203811249896,1.0026503374445932,-12.36571986331503,24.08318971504735,34.462368341854166,41.14415817107406,1.539261218371665,41.14415817107406,-7.713836382385728,35.0,193.93939393939394
2D8x8,A_PA1_to_C1,193,104.0365865316082,151.5645810663427,-63.20218148831107,120.25,124.23,-51.8,18.13152058125888,0.28330500908217,1.0023106144698521,-12.38186311240747,24.03847122517159,34.66049077799962,41.32955130045027,1.5285196496965578,41.32955130045027,-7.674786193323629,35.0,194.94949494949495
2D8x8,A_PA1_to_C1,194,104.96171515673508,150.511645489133,-62.76203108739684,121.26,123.25,-51.8,18.100130337480785,0.28281453652313726,1.0020064736087746,-12.396913614080624,23.996854557202177,34.859621862025556,41.51687093905605,1.5180388434581427,41.51687093905605,-7.635507720297251,35.0,195.95959595959596
2D8x8,A_PA1_to_C1,195,105.88177918168331,149.45485205613636,-62.320520446667565,122.26,122.26,-51.8,18.07471364148753,0.28241740064824267,1.0017950826341562,-12.409119148557437,23.96315752045699,35.05956108580996,41.707243231686455,1.5081001990365914,41.707243231686455,-7.595770304657825,35.0,196.96969696969697
2D8x8,A_PA1_to_C1,196,106.79762797996236,148.3948745970604,-61.877887560531605,123.25,121.26,-51.8,18.055136235704282,0.2821115036828794,1.0016739831679151,-12.418532262824654,23.93720211845554,35.260107127502614,41.90040934600456,1.4986927676935586,41.90040934600456,-7.555634683470003,35.0,197.97979797979798
2D8x8,A_PA1_to_C1,197,107.70933131348907,147.33178524017583,-61.43415856706641,124.23,120.25,-51.8,18.04031977689673,0.2818799965140114,1.0016246411554761,-12.425663029268632,23.91755870150614,35.46105805423909,42.095763973942304,1.4897341234924792,42.095763973942304,-7.515232085804945,35.0,198.989898989899
2D8x8,A_PA1_to_C1,198,108.616958,146.265654,-60.989359,125.21,119.24,-51.8,18.033553809123845,0.2817742782675601,1.0017075235566613,-12.42892125713368,23.908588492918838,35.66221152547006,42.29430874325604,1.4814731924696978,42.29430874325604,-7.474361374811302,35.0,200.0
