config,condition,scan_id,pa_x,pa_y,pa_z,focus_x,focus_y,focus_z,geometry_echo_max,geometry_x,geometry_y,geometry_z,edm_response,born_response,edge_gtd_response,edm_x,edm_y,edm_z,edm_vs_geometry_dB,geometry_echo_dB_norm,edm_response_dB_norm
2D8x8,A_PA1_to_C1,0,-126.47159,137.926021,-64.727672,-124.23,120.25,-51.8,0.9297908419530972,-124.0905,120.5611,-52.4603,1.5037496513537028,1.0936361100754202,0.4101135412782826,-124.23,120.25,-51.8,4.175805508103489,-1.9038905972176936,0.0
2D8x8,A_PA1_to_C1,1,-125.5875311773166,139.02719128142945,-65.13280492576665,-123.25,121.26,-51.8,0.9158442902550573,-123.1576,121.5163,-52.4603,1.426595261682562,1.0777730861848687,0.34882217549769323,-123.25,121.26,-51.8,3.8495827004291994,-2.0351630383853205,-0.45749524884191517
2D8x8,A_PA1_to_C1,2,-124.6997361978672,140.12576271513814,-65.53680832565904,-122.26,122.26,-51.8,0.8239458519774165,-121.8437,122.0907,-53.6759,1.3016382690468187,1.0619225425959402,0.23971572645087855,-122.26,122.26,-51.8,3.9718327394296704,-2.9536224482982094,-1.2537046197543327
2D8x8,A_PA1_to_C1,3,-123.80814054759924,141.2216765912607,-65.93965723338754,-121.26,123.25,-51.8,0.8868709484531248,-121.2699,123.4049,-52.4603,1.1738494002635318,1.0461280410290206,0.12772135923451117,-121.26,123.25,-51.8,2.435039072274245,-2.314387306397769,-2.151263145009319
2D8x8,A_PA1_to_C1,4,-122.9126787053178,142.31487245796063,-66.3413259657362,-120.25,124.23,-51.8,0.808749854698069,-119.9472,123.9589,-53.6759,1.0689525372232709,1.0304167195153358,0.03853581770793522,-120.25,124.23,-51.8,2.4228841357958526,-3.1153115692301467,-2.9643423443200883
2D8x8,A_PA1_to_C1,5,-122.01174866453802,143.40418686963125,-66.74131078089212,-119.24,125.21,-51.8,0.8564872632370837,-119.3531,125.2641,-52.4603,1.0408166497777367,1.0152558383430925,0.02556081143464421,-119.24,125.21,-51.8,1.693066439245137,-2.617177702511439,-3.1960261741520957
2D8x8,A_PA1_to_C1,6,-121.10663104890662,144.49049807357036,-67.13999408581748,-118.22,126.17,-51.8,0.8323927321924074,-118.4046,126.2044,-51.7933,1.0556779230749862,0.9998982394847443,0.05577968359024194,-118.22,126.17,-51.8,2.064063196159179,-2.865030289564946,-3.0728820042915626
2D8x8,A_PA1_to_C1,7,-120.19746436062516,145.57388656308214,-67.53741160967894,-117.19,127.13,-51.8,0.8149665172247942,-117.2789,126.9542,-53.1004,1.051002532042751,0.9849986971064505,0.06600383493630044,-117.19,127.13,-51.8,2.2092799226888444,-3.048800558560218,-3.111435546757167
2D8x8,A_PA1_to_C1,8,-119.2841803722571,146.65428488520172,-67.93353475243892,-116.15,128.08,-51.8,0.8017427807772184,-116.4449,128.0191,-51.7933,1.0322302166067867,0.970246588429829,0.061983628176957656,-116.15,128.08,-51.8,2.194830200527738,-3.1908947212099874,-3.267979431568045
2D8x8,A_PA1_to_C1,9,-118.36592519347504,147.73104304627157,-68.32808255362077,-115.1,129.02,-51.8,0.7931030958625499,-115.4346,128.8926,-52.4603,1.0052770624582132,0.9556853023618619,0.04959176009635128,-115.1,129.02,-51.8,2.0591225634279424,-3.2850029794167734,-3.497795326874626
2D8x8,A_PA1_to_C1,10,-117.44257785267718,148.80403214082943,-68.72100263076132,-114.05,129.95,-51.8,0.7705971410000637,-114.4575,129.8032,-51.7933,0.9752222731291721,0.9413823524773901,0.03383992065178202,-114.05,129.95,-51.8,2.0455243637559346,-3.5350480142418146,-3.7614385613716754
2D8x8,A_PA1_to_C1,11,-116.514922269347,149.87380453703935,-69.1125338929097,-112.99,130.88,-51.8,0.7509250889782757,-112.4427,131.5564,-51.7933,0.9452326019562715,0.9275304397540808,0.017702162202190706,-112.99,130.88,-51.8,1.9988415552445995,-3.7596635886538508,-4.032736944295046
2D8x8,A_PA1_to_C1,12,-115.58288695538624,150.94028445626716,-69.50264433810658,-111.92,131.79,-51.8,0.7482513520830573,-111.2834,132.2532,-53.1004,0.9175442932018547,0.9136065542124145,0.003937738989440152,-111.92,131.79,-51.8,1.7715905625245494,-3.790645676659239,-4.290970025020486
2D8x8,A_PA1_to_C1,13,-114.646399475931,152.00339379708413,-69.8913011714731,-110.84,132.7,-51.8,0.7511470821784457,-110.3818,133.2551,-52.4603,0.9100402298599867,0.9001316952819093,0.009908534578077353,-110.84,132.7,-51.8,1.6667121378191485,-3.75709619077758,-4.362298963844227
2D8x8,A_PA1_to_C1,14,-113.7043365345142,153.06224053959426,-70.27812111471913,-109.76,133.6,-51.8,0.7307693388580614,-109.3703,134.1273,-51.7933,0.9058092212112484,0.8869344521716167,0.01887476903963175,-109.76,133.6,-51.8,1.865128406069958,-3.99598953785872,-4.4027760426745575
2D8x8,A_PA1_to_C1,15,-112.75724424129103,154.11719913348915,-70.66326812092449,-108.67,134.48,-51.8,0.734854592495438,-108.3142,134.945,-52.4603,0.8986341829486502,0.8737277748664777,0.024906408082172482,-108.67,134.48,-51.8,1.7476304389425827,-3.947567629104543,-4.471852101047756
2D8x8,A_PA1_to_C1,16,-111.80550111618676,155.16853095706625,-71.04685566781224,-107.57,135.36,-51.8,0.7264121276404237,-107.2706,135.7778,-52.4603,0.8892523089548799,0.8609618165206373,0.028290492434242684,-107.57,135.36,-51.8,1.756838305538141,-4.047934157567815,-4.56301076291547
2D8x8,A_PA1_to_C1,17,-110.849031768006,156.216148479111,-71.42884697464699,-106.46,136.24,-51.8,0.7177224549331603,-106.2207,136.6026,-52.4603,0.8779444114597703,0.8486167896214891,0.029327621838281207,-106.46,136.24,-51.8,1.7502096948010715,-4.152465203348471,-4.674170419433194
2D8x8,A_PA1_to_C1,18,-109.88775968148192,157.25996132776058,-71.80920414042144,-105.35,137.1,-51.8,0.7038047241969971,-105.0552,137.2637,-53.1004,0.8647140076974115,0.8363141255755644,0.028399882121847034,-105.35,137.1,-51.8,1.788406332263834,-4.322552329162455,-4.806060907784414
2D8x8,A_PA1_to_C1,19,-108.92107988638196,158.2994494986132,-72.1877053882543,-104.23,137.95,-51.8,0.6989244761903712,-104.1018,138.2277,-52.4603,0.850196367661665,0.8242407484798812,0.025955619181783754,-104.23,137.95,-51.8,1.7017799106629647,-4.382990889379191,-4.953125889602022
2D8x8,A_PA1_to_C1,20,-107.9486474368608,159.33428339378025,-72.56421201203561,-103.1,138.79,-51.8,0.689266602719129,-103.033,139.0279,-52.4603,0.8348211044602027,0.8124060721063378,0.022415032353865015,-103.1,138.79,-51.8,1.6641236722679826,-4.5038511626710545,-5.111642401288865
2D8x8,A_PA1_to_C1,21,-106.97120712934904,160.36502322437607,-72.93896483167389,-101.97,139.63,-51.8,0.6792765536092868,-101.958,139.8199,-52.4603,0.8192562299628957,0.8010171740262895,0.018239055936606276,-101.97,139.63,-51.8,1.6274625637643703,-4.630663393568815,-5.27511574069024
2D8x8,A_PA1_to_C1,22,-105.9886806011947,161.39156820008367,-73.3119223265337,-100.83,140.45,-51.8,0.6691931268749441,-100.877,140.6035,-52.4603,0.8033616495764797,0.7896539493801088,0.013707700196370916,-100.83,140.45,-51.8,1.5871924801908541,-4.7605664466999995,-5.44528887739494
2D8x8,A_PA1_to_C1,23,-105.00098799462336,162.4138139103925,-73.68304140133728,-99.68,141.27,-51.8,0.6568671487892171,-99.6803,141.2237,-53.1004,0.7876604607754965,0.7786783288497433,0.008982131925753123,-99.68,141.27,-51.8,1.577230053454144,-4.922045032348663,-5.6167298897803155
2D8x8,A_PA1_to_C1,24,-104.0080483892786,163.43165260561457,-74.05227738223644,-98.53,142.08,-51.8,0.6484783318880131,-98.6969,142.1456,-52.4603,0.772372558454123,0.7679498721554171,0.004422686298705894,-98.53,142.08,-51.8,1.5186273226921723,-5.033686497388112,-5.786974085581736
2D8x8,A_PA1_to_C1,25,-103.00947648346532,164.44471236433247,-74.41947317795704,-97.37,142.87,-51.8,0.6052573900172767,-97.3794,142.5845,-50.5352,0.759180488770885,0.757269130185277,0.0019113585856079791,-97.37,142.87,-51.8,1.968098745447856,-5.632793867120326,-5.936610032558265
2D8x8,A_PA1_to_C1,26,-102.00468577891398,165.4524307713405,-74.78439012090907,-96.21,143.66,-51.8,0.6203792978188043,-96.51,143.6786,-51.7933,0.7508645954863075,0.7470184292255782,0.0038461662607292683,-96.21,143.66,-51.8,1.6580866042860078,-5.418449944444049,-6.032278251043835
2D8x8,A_PA1_to_C1,27,-100.994437870225,166.45540656397864,-75.14728615286857,-95.03,144.44,-51.8,0.6098816334998558,-95.3993,144.42,-51.7933,0.7442479693187987,0.7369243460941756,0.007323623224623061,-95.03,144.44,-51.8,1.7294420702102657,-5.566684785497507,-6.109157626173034
2D8x8,A_PA1_to_C1,28,-99.97865204218024,167.45352101051787,-75.50811248064947,-93.86,145.21,-51.8,0.6064897513201543,-94.2666,145.1277,-52.4603,0.7372090579797812,0.7271099342807654,0.010099123699015802,-93.86000000000001,145.21,-51.8,1.6953439258158904,-5.615126554202736,-6.19169753927264
2D8x8,A_PA1_to_C1,29,-98.95724657977786,168.4466515454952,-75.86681827461119,-92.67,145.97,-51.8,0.5957389220199388,-93.0424,145.6918,-53.1004,0.7298803056212184,0.7174486095414995,0.012431696079718974,-92.67,145.97,-51.8,1.7639133999694945,-5.770476377615848,-6.278477888532149
2D8x8,A_PA1_to_C1,30,-97.93013914227564,169.4346716568485,-76.22335155664793,-91.48,146.72,-51.8,0.5854373907161905,-91.9163,146.4064,-53.1004,0.7221580538269908,0.7080202144786317,0.014137839348359068,-91.48,146.72,-51.8,1.8230360510245633,-5.921986752153066,-6.370865612014297
2D8x8,A_PA1_to_C1,31,-96.89724697053715,170.41745089425962,-76.57765923268899,-90.28,147.46,-51.8,0.5781659245985861,-89.7462,147.9715,-52.4603,0.714081822252236,0.6987817150611205,0.015300107191115523,-90.28,147.46,-51.8,1.8339097143644185,-6.030546041283175,-6.468551237804551
2D8x8,A_PA1_to_C1,32,-95.85848647488528,171.3948547881875,-76.9296856030413,-89.08,148.19,-51.8,0.5710021845609367,-88.5052,148.4975,-53.1004,0.7056768404500453,0.689769540238579,0.01590730021146639,-89.08,148.19,-51.8,1.8393618960923066,-6.138840486464552,-6.571393501258039
2D8x8,A_PA1_to_C1,33,-94.81326018775638,172.36626166812076,-77.2791700240405,-87.87,148.91,-51.8,0.568453173445403,-87.4536,149.3407,-52.4603,0.6969671174614148,0.6809526974070466,0.01601442005436821,-87.87,148.91,-51.8,1.7703518696098952,-6.177701975882606,-6.679265017158505
2D8x8,A_PA1_to_C1,34,-93.76170417127643,173.33171905220786,-77.62613400929244,-86.65,149.62,-51.8,0.5634114357208174,-86.2995,150.0119,-52.4603,0.6879741355914156,0.6723243104667771,0.015649825124638545,-86.65,149.62,-51.8,1.7349290698266986,-6.2550827275016365,-6.792068568560733
2D8x8,A_PA1_to_C1,35,-92.7040723383632,174.29139429579996,-77.97065069942045,-85.43,150.32,-51.8,0.5579459992450765,-85.1402,150.6743,-52.4603,0.6787942710913715,0.663911702782639,0.014882568308732434,-85.43,150.32,-51.8,1.702920009426487,-6.339752525878863,-6.908747427338171
2D8x8,A_PA1_to_C1,36,-91.64028159188727,175.24513757738708,-78.31266006500847,-84.20999999999998,151.01,-51.8,0.5355977162221661,-83.9264,151.2388,-51.1388,0.6694992518292445,0.6557106220023936,0.013788629826850874,-84.20999999999998,151.01,-51.8,1.9382275899944366,-6.694821551817167,-7.028508872708526
2D8x8,A_PA1_to_C1,37,-90.57025047081125,176.19279682622724,-78.652099442385,-82.98,151.69,-51.8,0.5463263514189614,-82.8063,151.9719,-52.4603,0.6600822157277156,0.6476810706959634,0.012401145031752244,-82.98,151.69,-51.8,1.6429176642830154,-6.522552908012718,-7.151550154615496
2D8x8,A_PA1_to_C1,38,-89.49389790372966,177.13421557530071,-78.9889050592017,-81.73999999999998,152.36,-51.8,0.5403951173541771,-81.632,152.6072,-52.4603,0.6505835381522154,0.6398206578803873,0.01076288027182799,-81.73999999999998,152.36,-51.8,1.6118330733488297,-6.617367554724102,-7.277449392261067
2D8x8,A_PA1_to_C1,39,-88.4111426719469,178.0692323141224,-79.32301148830727,-80.5,153.02,-51.8,0.5342612089499197,-80.4528,153.2334,-52.4603,0.6411359701386872,0.6321617355799345,0.008974234558752648,-80.5,153.02,-51.8,1.5839300113809018,-6.716523031204628,-7.40450793070952
2D8x8,A_PA1_to_C1,40,-87.32190406766502,178.99768111829334,-79.65435128222146,-79.25,153.67,-51.8,0.5278857924286035,-79.1816,153.6818,-53.1004,0.631706048652119,0.6246660391700143,0.007040009482104726,-79.25,153.67,-51.8,1.5595012363397085,-6.820796411981467,-7.533210086527554
2D8x8,A_PA1_to_C1,41,-86.2261025357334,179.91939200172868,-79.98285537263546,-77.98999999999998,154.31,-51.8,0.5217958350223681,-77.9942,154.289,-53.1004,0.6223386477732794,0.6173311788979366,0.005007468875342721,-77.98999999999998,154.31,-51.8,1.5305232730322706,-6.921583717502639,-7.662975355356162
2D8x8,A_PA1_to_C1,42,-85.12365930706834,180.83419046085237,-80.30845245386091,-76.73999999999998,154.94,-51.8,0.4842148188399144,-76.5263,154.332,-50.0183,0.6132755191729229,0.6102210226569842,0.0030544965159387373,-76.73999999999998,154.94,-51.8,2.0523510480977243,-7.570834354352175,-7.790398217140245
2D8x8,A_PA1_to_C1,43,-84.01449627720152,181.7418966549487,-80.63107011321773,-75.47,155.56,-51.8,0.5092421297259396,-75.6054,155.4758,-53.1004,0.6043072491142729,0.6032322903164226,0.0010749587978503682,-75.47,155.56,-51.8,1.4866695641588201,-7.133109367105256,-7.9183547138322306
2D8x8,A_PA1_to_C1,44,-82.89853717976428,182.64232658248503,-80.95063473369008,-74.2,156.17,-51.8,0.5028543752839658,-74.4042,156.0553,-53.1004,0.5974473731759429,0.5964283679913497,0.0010190051845931538,-74.2,156.17,-51.8,1.4971484550936975,-7.242751217593588,-8.017517673385687
2D8x8,A_PA1_to_C1,45,-81.77570602721802,183.53529052099293,-81.26706971245501,-72.93,156.77,-51.8,0.4901915910071499,-73.2917,156.8247,-51.7933,0.5925738881488862,0.589805406553689,0.002768481595197229,-72.93,156.77,-51.8,1.647533068889568,-7.464278744753642,-8.088660586749869
2D8x8,A_PA1_to_C1,46,-80.64582348921154,184.42047698396848,-81.58024546867004,-71.65,157.35,-51.8,0.48904001657216084,-72.0677,157.359,-52.4603,0.5876783186488022,0.5832378934179411,0.004440425230861101,-71.65,157.35,-51.8,1.5959054197031963,-7.484707932263419,-8.160717423446016
2D8x8,A_PA1_to_C1,47,-79.50878396989144,185.297642211527,-81.89006653611777,-70.37,157.93,-51.8,0.48362528791872184,-70.7742,157.738,-53.1004,0.5828790432076989,0.5769422060133186,0.005936837194380295,-70.37,157.93,-51.8,1.6213887945394552,-7.581415856642153,-8.231941972988494
2D8x8,A_PA1_to_C1,48,-78.36470409990349,186.16679159789868,-82.19653532246785,-69.08,158.5,-51.8,0.4727604703471465,-69.4192,157.9703,-53.6759,0.5780476835194155,0.5707866284057775,0.007261055113637901,-69.08,158.5,-51.8,1.7464501814076563,-7.778772761144853,-8.30423749062299
2D8x8,A_PA1_to_C1,49,-77.21351525637408,187.0277172845943,-82.49957047786444,-67.79,159.06,-51.8,0.47394212359792387,-68.029,160.2736,-51.6309,0.5731552481048869,0.5647985719670465,0.008356676137840377,-67.79,159.06,-51.8,1.650939264488356,-7.757089678997469,-8.378065325394905
2D8x8,A_PA1_to_C1,50,-76.05515221567958,187.88020837156645,-82.79908752134475,-66.49,159.6,-51.8,0.4671919822462018,-66.725,159.7405,-51.8809,0.5681003200970548,0.558860443607966,0.009239876489088718,-66.49,159.6,-51.8,1.6985930598719157,-7.881688262484378,-8.455010113498256
2D8x8,A_PA1_to_C1,51,-74.88955223574898,188.72404937384064,-83.0949989297513,-65.19,160.14,-51.8,0.4660529436172279,-65.2582,161.4238,-51.8809,0.5630582887665225,0.5531709720422814,0.00988731672424112,-65.19,160.14,-51.8,1.6423620149038252,-7.902890775272274,-8.532443671254244
2D8x8,A_PA1_to_C1,52,-73.71665496632944,189.559018973578,-83.38721635930006,-63.89,160.66,-51.8,0.4495616103301543,-64.7117,160.5301,-52.4603,0.5578454220072225,0.5475580381971569,0.010287383810065623,-63.89,160.66,-51.8,1.874493103516122,-8.215811518456018,-8.613233325825691
2D8x8,A_PA1_to_C1,53,-72.53640296667295,190.384890624968,-83.67564995326215,-62.58,161.18,-51.8,0.4464118206913298,-62.0378,161.018,-53.6759,0.552625124194486,0.5421563448472188,0.01046877934726716,-62.58,161.18,-51.8,1.853898792027628,-8.276882163958753,-8.69489828281692
2D8x8,A_PA1_to_C1,54,-71.34874150332857,191.201432346799,-83.96020704576206,-61.26,161.68,-51.8,0.44654311840655403,-60.9912,162.015,-51.7933,0.5472192407183237,0.5368018870382774,0.010417353680046374,-61.26,161.68,-51.8,1.7659591648248696,-8.274327863797675,-8.7802836098586
2D8x8,A_PA1_to_C1,55,-70.15362113228008,192.0084093828919,-84.24079431973101,-59.94,162.18,-51.8,0.44680268304396076,-59.7295,162.4533,-52.4603,0.5418122895831113,0.5316787469291395,0.010133542653971869,-59.94,162.18,-51.8,1.6746615850047335,-8.269280434562003,-8.866533760443062
2D8x8,A_PA1_to_C1,56,-68.95099439080366,192.80558006060815,-84.51731481171478,-58.62,162.66,-51.8,0.4430499897981299,-58.4106,162.7313,-53.1004,0.5362707059511742,0.5266277076314645,0.009642998319709762,-58.62,162.66,-51.8,1.6586268634093133,-8.342541264384225,-8.955829311860708
2D8x8,A_PA1_to_C1,57,-67.7408184239931,193.5926979010977,-84.78967186808131,-57.3,163.13,-51.8,0.4395370458112759,-57.2167,163.3569,-52.4603,0.5306913202012986,0.5217246322972147,0.008966687904083944,-57.3,163.13,-51.8,1.636929992404374,-8.411686184217844,-9.046671102699264
2D8x8,A_PA1_to_C1,58,-66.52304882046394,194.36950405264457,-85.05776186945315,-55.97,163.59,-51.8,0.4359865694403933,-55.8937,163.6145,-53.1004,0.5250353690585281,0.5169414577304736,0.008093911328054468,-55.97,163.59,-51.8,1.614308992830598,-8.482133661442399,-9.139739579497595
2D8x8,A_PA1_to_C1,59,-65.29736445794792,195.13533624133385,-85.32131526549605,-54.63,164.04,-51.8,0.43240902432093015,-54.6302,164.0415,-53.1004,0.5193245423264921,0.5122817312042495,0.007042811122242578,-54.63,164.04,-51.8,1.590881959912007,-8.553700901316917,-9.234733852290702
2D8x8,A_PA1_to_C1,60,-64.06398870106675,195.89027226448488,-85.58037062872329,-53.3,164.48,-51.8,0.4287038130696681,-53.3634,164.4587,-53.1004,0.513699068172071,0.5077885738168151,0.005910494355255875,-53.3,164.48,-51.8,1.5710286322080975,-8.628448955773564,-9.329335234451262
2D8x8,A_PA1_to_C1,61,-62.8228995497926,196.63404521676424,-85.83482177572114,-51.96,164.91,-51.8,0.4249742784785585,-52.0934,164.8661,-53.1004,0.508069506136125,0.503410099781318,0.004659406354807028,-51.96,164.91,-51.8,1.5512096903522574,-8.704342977837369,-9.425048198370906
2D8x8,A_PA1_to_C1,62,-61.574080991881786,197.36638378280423,-86.08456237099055,-50.61,165.33,-51.8,0.42042101004370486,-50.8763,165.4451,-52.4603,0.5024624412963766,0.49914503846411556,0.003317402832261023,-50.61,165.33,-51.8,1.54838385710272,-8.7979076571856,-9.521438710968674
2D8x8,A_PA1_to_C1,63,-60.3175221924691,198.0870113508912,-86.32948341654753,-49.26,165.73,-51.8,0.4173899216911204,-49.5443,165.6514,-53.1004,0.49693068202795787,0.49494765068077534,0.001983031347182547,-49.26,165.73,-51.8,1.5150770776123585,-8.860756714854398,-9.617594548127835
2D8x8,A_PA1_to_C1,64,-59.05321894838989,198.7956474068054,-86.56947528206895,-47.91,166.13,-51.8,0.4124728377031724,-48.3183,166.2116,-52.4603,0.49179876246995635,0.49095211622413926,0.0008466462458170691,-47.91,166.13,-51.8,1.5278415409872088,-8.963688791744604,-9.707762161643188
2D8x8,A_PA1_to_C1,65,-57.78117418123128,199.4920086289987,-86.80442607520538,-46.56,166.51,-51.8,0.3969886419107287,-45.7488,166.9384,-52.4603,0.48815409777565705,0.48702164712547197,0.001132450650185076,-46.56,166.51,-51.8,1.795577156172441,-9.296034252066592,-9.772372006779946
2D8x8,A_PA1_to_C1,66,-56.50139772720847,200.1758074461437,-87.03422398879702,-45.2,166.89,-51.8,0.40576231696372633,-45.6985,166.7553,-53.1004,0.48562094928374616,0.48326454586688655,0.0023564034168596275,-45.2,166.89,-51.8,1.560514036291891,-9.106161647050332,-9.817562521644236
2D8x8,A_PA1_to_C1,67,-55.21390634241263,200.8467522123485,-87.25875552522025,-43.84,167.25,-51.8,0.39610168488127834,-44.4676,167.3159,-51.7933,0.4831469859395833,0.47957085987586445,0.003576126063718845,-43.84,167.25,-51.8,1.7254516967175146,-9.31546208726546,-9.86192530143374
2D8x8,A_PA1_to_C1,68,-53.9187252008448,201.50454957328992,-87.47790625334092,-42.48,167.6,-51.8,0.3980287789874956,-43.1209,167.4416,-53.1004,0.480708178892717,0.47600430962478546,0.004703869267931532,-42.48,167.6,-51.8,1.6393407409115743,-9.273306395356608,-9.905880565330827
2D8x8,A_PA1_to_C1,69,-52.61588688166932,202.14890215357067,-87.69156066867265,-41.12,167.94,-51.8,0.39421897427112707,-41.8282,167.7698,-53.1004,0.47826811641391065,0.47256292999971494,0.005705186414195717,-41.12,167.94,-51.8,1.6786781226972858,-9.356845410161014,-9.950082198349524
2D8x8,A_PA1_to_C1,70,-51.305433226217545,202.77951170494575,-87.89960339828632,-39.75,168.27,-51.8,0.3903034327386594,-40.5331,168.088,-53.1004,0.47582419235713996,0.469224133617299,0.006600058739840988,-39.75,168.27,-51.8,1.7208829636402743,-9.443548463433075,-9.994580410678594
2D8x8,A_PA1_to_C1,71,-49.98700076908163,203.3952860211952,-88.10159506690974,-38.38,168.59,-51.8,0.3887059993633288,-37.9772,168.8795,-52.4603,0.4733391529705643,0.4660151753462248,0.007323977624339479,-38.38,168.59,-51.8,1.7110237123409708,-9.479171008882712,-10.040062207427535
2D8x8,A_PA1_to_C1,72,-48.66072424070704,203.99600512794527,-88.29745317406535,-37.0,168.89,-51.8,0.38712123682259675,-36.6735,169.1679,-52.4603,0.4707054320390001,0.46285315412914385,0.007852277909856285,-37.0,168.89,-51.8,1.6980442708855148,-9.51465594943228,-10.088526589432558
2D8x8,A_PA1_to_C1,73,-47.32700018966312,204.58196768582224,-88.48730791743925,-35.63,169.19,-51.8,0.3853451173405254,-35.3677,169.4462,-52.4603,0.4680495348990563,0.4598916576347193,0.008157877264337046,-35.63,169.19,-51.8,1.6888391510865641,-9.554598672914159,-10.13767443271339
2D8x8,A_PA1_to_C1,74,-45.985910393316935,205.15286772437383,-88.67104090949582,-34.25,169.47,-51.8,0.37980270765682395,-33.9556,169.1964,-53.6759,0.46524055680091136,0.4569697875347844,0.008270769266126967,-34.25,169.47,-51.8,1.762390205455886,-9.680434751299078,-10.189959456728987
2D8x8,A_PA1_to_C1,75,-44.63754649554768,205.7083984412187,-88.84853507484068,-32.87,169.75,-51.8,0.3816805274069542,-32.7138,169.7861,-53.1004,0.4624010924369386,0.45422427719676406,0.008176815240174563,-32.87,169.75,-51.8,1.6663769557514372,-9.637595809031515,-10.243133764165872
2D8x8,A_PA1_to_C1,76,-43.28201139690344,206.24825580764937,-89.01967349375997,-31.49,170.01,-51.8,0.37716969140087425,-31.4433,170.25,-51.7933,0.4594224084741337,0.4515366523659765,0.007885756108157189,-31.49,170.01,-51.8,1.713507755846355,-9.740860153541192,-10.299267308580632
2D8x8,A_PA1_to_C1,77,-41.919417359232085,206.77213383026503,-89.18434026853464,-30.1,170.26,-51.8,0.378201484195196,-30.0909,170.2714,-53.1004,0.45632582403553523,0.44894578618111286,0.00738003785442238,-30.1,170.26,-51.8,1.6310363577390734,-9.717131305514808,-10.358009858661532
2D8x8,A_PA1_to_C1,78,-40.54939109286912,207.2785156165476,-89.34193078350054,-28.71,170.5,-51.8,0.3760560470847581,-28.8084,170.686,-52.4603,0.4531475269227693,0.4464800016165878,0.006667525306181485,-28.71,170.5,-51.8,1.6197407500969256,-9.766544349340357,-10.418718510129228
2D8x8,A_PA1_to_C1,79,-39.17222385924912,207.7673671887726,-89.49243903545896,-27.33,170.73,-51.8,0.37409606149184754,-27.491,170.9035,-52.4603,0.4499806178597916,0.44415331569920585,0.005827302160585772,-27.33,170.73,-51.8,1.6042134350026906,-9.811933163414592,-10.479634639297695
2D8x8,A_PA1_to_C1,80,-37.78842126078582,208.2392299301881,-89.63609218903564,-25.94,170.94,-51.8,0.3689647890703264,-26.1766,171.1405,-51.7933,0.44672811684092734,0.44186535159558016,0.004862765245347171,-25.94,170.94,-51.8,1.6611672984361316,-9.931897428547218,-10.54264504099688
2D8x8,A_PA1_to_C1,81,-36.398144323079634,208.69380836243155,-89.7727800705817,-24.54,171.15,-51.8,0.35456682124562944,-23.5336,171.5246,-51.7933,0.4434954992145603,0.4397273386761199,0.0037681605384403557,-24.54,171.15,-51.8,1.9438224584301604,-10.277634005055909,-10.605726457511544
2D8x8,A_PA1_to_C1,82,-35.001565987997985,209.13081320906835,-89.90239448340782,-23.15,171.34,-51.8,0.3667346105562536,-23.4575,170.9714,-53.6759,0.4403135952229447,0.43766252840825565,0.002651066814689097,-23.15,171.34,-51.8,1.58820393264511,-9.984557914043346,-10.668268892284033
2D8x8,A_PA1_to_C1,83,-33.59882471196269,209.5498193112597,-90.02477205237446,-21.75,171.53,-51.8,0.36493540414328607,-22.1382,171.1476,-53.6759,0.43735593957287017,0.4357462694914547,0.0016096700814155127,-21.75,171.53,-51.8,1.5723806097469595,-10.027275914029447,-10.726810215168284
2D8x8,A_PA1_to_C1,84,-32.18939736157059,209.9482143116595,-90.1388748450846,-20.36,171.7,-51.8,0.3640560635553851,-20.8813,171.838,-52.4603,0.43557021996576406,0.43392150275971725,0.0016487172060468066,-20.36,171.7,-51.8,1.5577982084800919,-10.048230504977703,-10.762347207383405
2D8x8,A_PA1_to_C1,85,-30.77429878000518,210.328098954824,-90.24555516389712,-18.96,171.86,-51.8,0.363287355499542,-19.5338,171.8056,-53.1004,0.43399704229615377,0.4321887527723436,0.0018082895238102081,-18.96,171.86,-51.8,1.5447297524986277,-10.066590238902581,-10.793775397289751
2D8x8,A_PA1_to_C1,86,-29.353752174889728,210.6892116692296,-90.34471752312658,-17.56,172.01,-51.8,0.3596747909110638,-18.1724,171.6148,-53.6759,0.43346529295929537,0.4305640050276388,0.002901287931656577,-17.56,172.01,-51.8,1.620886599240773,-10.153395886049921,-10.804424197694944
2D8x8,A_PA1_to_C1,87,-27.927991414838672,211.031298188544,-90.4362692640794,-16.16,172.14,-51.8,0.3595015384909377,-16.8813,172.087,-53.1004,0.43300095528533955,0.4289933787477669,0.004007576537572658,-16.16,172.14,-51.8,1.615762024049303,-10.157580816416319,-10.81373370325281
2D8x8,A_PA1_to_C1,88,-26.49708986336301,211.3533998370832,-90.5198371965285,-14.76,172.27,-51.8,0.35760716273457516,-15.5535,172.2123,-53.1004,0.4326643020706908,0.4275879547682078,0.005076347302482944,-14.76,172.27,-51.8,1.6548971056544695,-10.203471702973355,-10.82048950820468
2D8x8,A_PA1_to_C1,89,-25.060970741497925,211.65367905566976,-90.594698687592,-13.36,172.38,-51.8,0.35449030148555943,-14.1969,171.99,-53.6759,0.4322538423048498,0.4262532980293271,0.00600054427552271,-13.36,172.38,-51.8,1.722690092116448,-10.279508726209883,-10.828733544979228
2D8x8,A_PA1_to_C1,90,-23.62047023416736,211.93414305010464,-90.6616657715752,-11.95,172.49,-51.8,0.3540548391238044,-11.5648,172.5266,-53.1004,0.4318287893454222,0.4250610948865164,0.0067676944589057765,-11.95,172.49,-51.8,1.7248211622458178,-10.290185190630215,-10.837278939270192
2D8x8,A_PA1_to_C1,91,-22.17586800900967,212.19458342861975,-90.72066392626355,-10.55,172.58,-51.8,0.35451481796398987,-10.245,172.8003,-52.4603,0.4312829996941249,0.4239369314183307,0.007346068275794196,-10.55,172.58,-51.8,1.7025589397699767,-10.27890803258947,-10.848264003705292
2D8x8,A_PA1_to_C1,92,-20.727453063034623,212.43480425702376,-90.77162563826468,-9.14,172.66,-51.8,0.3543352503269754,-8.9119,172.8744,-52.4603,0.4306715983091679,0.4229019436381755,0.007769654670992395,-9.14,172.66,-51.8,1.6946374540823221,-10.283308694395995,-10.860586151199465
2D8x8,A_PA1_to_C1,93,-19.27509516286899,212.65187307593305,-90.81339786387645,-7.74,172.73,-51.8,0.3537854104939799,-7.5699,172.7484,-53.1004,0.42998018946112837,0.422006315878477,0.007973873582651371,-7.74,172.73,-51.8,1.694170546965291,-10.296797494630374,-10.874541858550877
2D8x8,A_PA1_to_C1,94,-17.819519238473163,212.8477616926178,-90.84677561774735,-6.33,172.78,-51.8,0.3517038996873501,-6.2452,173.0215,-51.7933,0.42913996464703874,0.4211514108955023,0.007988553751536428,-6.33,172.78,-51.8,1.728435545905752,-10.348052206356215,-10.891531571336259
2D8x8,A_PA1_to_C1,95,-16.361134123678585,213.0228626326401,-90.87192424144814,-4.92,172.83,-51.8,0.3536119905686385,-4.9043,172.8448,-53.1004,0.4282600939400342,0.420451268045915,0.007808825894119268,-4.92,172.83,-51.8,1.6636124983686948,-10.301056222074013,-10.909358634591115
2D8x8,A_PA1_to_C1,96,-14.90026325715754,213.17704027493127,-90.8888001372905,-3.52,172.86,-51.8,0.3533028594419628,-3.5749,173.0673,-52.4603,0.4272481171782994,0.4198166440294932,0.007431473148806214,-3.52,172.86,-51.8,1.6506601025922285,-10.3086528343707,-10.929907642664265
2D8x8,A_PA1_to_C1,97,-13.43703824777575,213.30785671798188,-90.89645133311062,-2.11,172.89,-51.8,0.35331195408550947,-2.2375,172.8999,-53.1004,0.4261894049120561,0.41933772482445336,0.006851680087602733,-2.11,172.89,-51.8,1.6288863434106617,-10.308429247011262,-10.951457814486396
2D8x8,A_PA1_to_C1,98,-11.971971855513626,213.41633410235175,-90.89529536304708,-0.7,172.9,-51.8,0.3531806590001329,-0.9038,172.9121,-53.1004,0.4250586125413639,0.4189172283887216,0.006141384152642342,-0.7,172.9,-51.8,1.6090381541463115,-10.311657630758258,-10.974534387497743
2D8x8,A_PA1_to_C1,99,-10.505520051148409,213.5035449776888,-90.88576482916936,0.7,172.9,-51.8,0.35017721579077454,0.5,173.1389,-51.8809,0.42394815439515576,0.41861201839689854,0.005336135998257245,0.7,172.9,-51.8,1.660497271481359,-10.38583817454471,-10.997255813949142
2D8x8,A_PA1_to_C1,100,-9.03802752308437,213.56942533875437,-90.86784563242011,2.11,172.89,-51.8,0.3528804279945365,1.7636,172.9054,-53.1004,0.42278689666719743,0.418393301241841,0.004393595425356467,2.11,172.89,-51.8,1.5698789470056815,-10.319044452056705,-11.021080415936817
2D8x8,A_PA1_to_C1,101,-7.569807923952865,213.61171415695904,-90.84065939040936,3.52,172.86,-51.8,0.35275386854405333,3.0972,172.8867,-53.1004,0.42164706419544656,0.418239160773065,0.003407903422381567,3.52,172.86,-51.8,1.5495459116252008,-10.32216017768606,-11.044529176946652
2D8x8,A_PA1_to_C1,102,-6.101304348598901,213.63124009584075,-90.8045463307863,4.92,172.83,-51.8,0.352634964459622,4.4305,172.8576,-53.1004,0.42083240861021737,0.4182596650521327,0.0025727435580846737,4.92,172.83,-51.8,1.5356761301213484,-10.325088457001934,-11.061327237766383
2D8x8,A_PA1_to_C1,103,-4.63290635035838,213.62934326947368,-90.76004220259485,6.33,172.78,-51.8,0.35131745279108456,5.77,173.008,-52.4603,0.4210260350645488,0.4183138672171553,0.0027121678473934568,6.33,172.78,-51.8,1.5721845390404439,-10.357601376998577,-11.057331748843929
2D8x8,A_PA1_to_C1,104,-3.164963838314088,213.606033551836,-90.70716071871894,7.74,172.73,-51.8,0.3523323924422113,7.0965,172.7685,-53.1004,0.42129679661124114,0.418518774539506,0.002778022071735158,7.74,172.73,-51.8,1.552711681991811,-10.332544425810825,-11.051747654704808
2D8x8,A_PA1_to_C1,105,-1.697943285825935,213.55919295710223,-90.64508693655804,9.14,172.66,-51.8,0.350777863895507,8.4381,172.8982,-52.4603,0.4220359657823675,0.4187993935512568,0.0032365722311107144,9.14,172.66,-51.8,1.606345678278762,-10.370952300750051,-11.036521533357085
2D8x8,A_PA1_to_C1,106,-0.2322283949211495,213.48964013175785,-90.57415246751472,10.55,172.58,-51.8,0.3521290393769197,9.7607,172.6383,-53.1004,0.42350302055374833,0.4191738336855982,0.004329186868150163,10.55,172.58,-51.8,1.6030934051198482,-10.337559043366777,-11.006380549132725
2D8x8,A_PA1_to_C1,107,1.2318954371084,213.3988401321371,-90.494939805427,11.95,172.49,-51.8,0.3487629332759959,12.4362,172.6562,-52.4603,0.42511012743618176,0.41965933653487014,0.005450790901311625,11.95,172.49,-51.8,1.7194225935797411,-10.420989449292774,-10.973481766598827
2D8x8,A_PA1_to_C1,108,2.6940895608745743,213.2868762750944,-90.40749239818872,13.36,172.38,-51.8,0.3507328451550279,12.3982,172.1292,-53.6759,0.426795300536908,0.4201760117635816,0.006619288773326429,13.36,172.38,-51.8,1.704863809721449,-10.372067117122599,-10.939118218286943
2D8x8,A_PA1_to_C1,109,4.153793231843601,213.15203258624496,-90.31115359116733,14.76,172.27,-51.8,0.35190035910041656,13.7524,172.3657,-53.1004,0.42858356324270946,0.420868190219909,0.007715373022800455,14.76,172.27,-51.8,1.7123160246137406,-10.343201681922096,-10.90280056819415
2D8x8,A_PA1_to_C1,110,5.610639042819751,212.9946945263486,-90.20608538842838,16.16,172.14,-51.8,0.35189317212693444,15.0815,172.2543,-53.1004,0.4303565356802894,0.42161473360422164,0.008741802076067787,16.16,172.14,-51.8,1.7483512529218737,-10.343379078433232,-10.866942736397153
2D8x8,A_PA1_to_C1,111,7.064485336711198,212.81660122945664,-90.09297442379186,17.56,172.01,-51.8,0.35406605831163623,17.7563,172.1896,-52.4603,0.4321934947414451,0.4225096189405933,0.00968387580085176,17.56,172.01,-51.8,1.731878591070004,-10.289909959020196,-10.829946278835989
2D8x8,A_PA1_to_C1,112,8.51502038884186,212.61790787921868,-89.97189010856013,18.96,171.86,-51.8,0.35348015312383557,19.0872,172.0771,-51.7933,0.4339846676761511,0.423446635511886,0.010538032164265113,18.96,171.86,-51.8,1.7821870412196947,-10.304295193173347,-10.794023062839447
2D8x8,A_PA1_to_C1,113,9.961751170364485,212.3978116720477,-89.84253296538209,20.36,171.7,-51.8,0.35669847676074806,20.4103,171.8947,-52.4603,0.4357620415541082,0.4244852652901351,0.011276776263973122,20.36,171.7,-51.8,1.738962844200658,-10.225570787470337,-10.758522854155474
2D8x8,A_PA1_to_C1,114,11.404091829012076,212.15529861284764,-89.70452284322879,21.75,171.53,-51.8,0.35799947819214595,21.7355,171.7319,-52.4603,0.437530440379656,0.42564714021727307,0.01188330016238291,21.75,171.53,-51.8,1.7425176004350404,-10.193948009608118,-10.723345320058872
2D8x8,A_PA1_to_C1,115,12.842164013141216,211.89280589036773,-89.55881087418322,23.15,171.34,-51.8,0.3564917568149424,22.9889,171.0352,-53.6759,0.4392690380418093,0.42683413728387304,0.012434900757936244,23.15,171.34,-51.8,1.8136220187518282,-10.230606040621621,-10.688898932755588
2D8x8,A_PA1_to_C1,116,14.27569473601576,211.61054562237044,-89.40548865092514,24.54,171.15,-51.8,0.3606545624335002,24.3819,171.3756,-52.4603,0.44102846698981507,0.4281821864702815,0.012846280519533545,24.54,171.15,-51.8,1.7475038426876013,-10.129767270825422,-10.654178339023614
2D8x8,A_PA1_to_C1,117,15.704420609000886,211.30873996345576,-89.24465069119623,25.94,170.94,-51.8,0.3589399973822853,25.7075,171.2117,-51.7933,0.44270199995699455,0.42955409944829287,0.013147900508701694,25.94,170.94,-51.8,1.8217925729892757,-10.171158776060047,-10.621281113956568
2D8x8,A_PA1_to_C1,118,17.127467061117866,210.9853888030928,-89.07554022675586,27.33,170.73,-51.8,0.3612320125881608,26.9399,170.4565,-53.6759,0.4444026377255948,0.43110328133225284,0.013299356393341944,27.33,170.73,-51.8,1.7998079446530955,-10.115871266776571,-10.58797823300927
2D8x8,A_PA1_to_C1,119,18.54500242105926,210.64245975846785,-88.89892252982663,28.71,170.5,-51.8,0.362846032901657,28.2538,170.2433,-53.6759,0.4460863050728873,0.43270618225546215,0.0133801228174252,28.71,170.5,-51.8,1.7939302270223292,-10.077148298656422,-10.555132982519888
2D8x8,A_PA1_to_C1,120,19.95695951902884,210.28081088695933,-88.71513602499982,30.1,170.26,-51.8,0.36601880681297844,29.6567,170.5404,-52.4603,0.44777304817268,0.4343852679409049,0.013387780231775111,30.1,170.26,-51.8,1.7510909712086788,-10.001527863679664,-10.52235180335678
2D8x8,A_PA1_to_C1,121,21.36312255140996,209.9007043348374,-88.52429015015632,31.49,170.01,-51.8,0.36610855575340556,30.8765,169.7864,-53.6759,0.4494553849357705,0.4361541961436701,0.013301188792100366,31.49,170.01,-51.8,1.7815341973331391,-9.999398317823447,-10.489779031376102
2D8x8,A_PA1_to_C1,122,22.763287163308185,209.50241116711732,-88.32649553713337,32.87,169.75,-51.8,0.36775279288653395,32.1851,169.5427,-53.6759,0.45111078330735693,0.43802732066160005,0.013083462645756857,32.87,169.75,-51.8,1.7745445781329123,-9.960476289291691,-10.457846622044574
2D8x8,A_PA1_to_C1,123,24.15657910066909,209.08432508444196,-88.12115160875746,34.25,169.47,-51.8,0.37156838247674806,33.5576,169.6211,-53.1004,0.45273561193755474,0.4399452293493868,0.012790382588167951,34.25,169.47,-51.8,1.7161181066063715,-9.870820844701042,-10.426617648980464
2D8x8,A_PA1_to_C1,124,25.543293466436644,208.6482072407228,-87.90893755362836,35.63,169.19,-51.8,0.37314236215261454,34.8648,169.3567,-53.1004,0.45446201701865135,0.4420124459070362,0.01244957111161516,35.63,169.19,-51.8,1.7124607035153927,-9.834104752680487,-10.39355896005089
2D8x8,A_PA1_to_C1,125,26.92344255045924,208.19485717158383,-87.69016649807516,37.0,168.89,-51.8,0.37296050366803946,36.2098,169.268,-52.4603,0.4561892590940705,0.44412289964980495,0.012066359444265514,37.0,168.89,-51.8,1.74964425980498,-9.838339028757982,-10.360609679838797
2D8x8,A_PA1_to_C1,126,28.296872416348656,207.724568192602,-87.46495907252391,38.38,168.59,-51.8,0.3704975451283968,38.8232,168.7175,-51.7933,0.4579748451594635,0.44636424366359667,0.011610601495866839,38.38,168.59,-51.8,1.8411257949882056,-9.895889187386839,-10.326678303284428
2D8x8,A_PA1_to_C1,127,29.663439688942976,207.23763640733537,-87.2334345109946,39.75,168.27,-51.8,0.3740653563480103,40.1163,168.3833,-52.4603,0.4597658783566247,0.44864687491545757,0.011119003441167109,39.75,168.27,-51.8,1.7917849699552155,-9.812646115150624,-10.292776056081204
2D8x8,A_PA1_to_C1,128,31.023012683729167,206.73436170913817,-86.99571479085466,41.12,167.94,-51.8,0.3771764284377125,40.1163,168.3833,-52.4603,0.46156903844171393,0.45101464450885,0.010554393932863936,41.12,167.94,-51.8,1.7538425068867702,-9.740705006833528,-10.25877741083255
2D8x8,A_PA1_to_C1,129,32.37470356525212,206.2133764793259,-86.75128976688967,42.48,167.6,-51.8,0.3795888329072437,42.7088,167.7433,-52.4603,0.46345644753320164,0.45349550943982614,0.009960938093375525,42.48,167.6,-51.8,1.7339100180768714,-9.685327332849198,-10.223332225658119
2D8x8,A_PA1_to_C1,130,33.719101063085496,205.67660809481976,-86.50089817554122,43.84,167.25,-51.8,0.3812256684029539,43.953,167.2247,-53.1004,0.46543040101187805,0.45606064151019543,0.00936975950168259,43.84,167.25,-51.8,1.7334522521520443,-9.647953191366254,-10.186415850100003
2D8x8,A_PA1_to_C1,131,35.05617762104751,205.12451340531013,-86.24471920298933,45.2,166.89,-51.8,0.38494485759957575,43.953,167.2247,-53.1004,0.46746678758873794,0.45870833840320974,0.008758449185528202,45.2,166.89,-51.8,1.6870447671133058,-9.563625435204873,-10.14849557897736
2D8x8,A_PA1_to_C1,132,36.38584781708681,204.55739637263824,-85.98287507018212,46.56,166.51,-51.8,0.38313752005388174,46.4358,166.1996,-53.6759,0.46951369694540745,0.46137321959992483,0.008140477345482611,46.56,166.51,-51.8,1.7658716491055486,-9.6045022054331,-10.110545467213347
2D8x8,A_PA1_to_C1,133,37.70803641502904,203.97556182960767,-85.71548684828234,47.91,166.13,-51.8,0.38808761319662116,47.8709,166.3724,-51.7933,0.4717125850008226,0.4642001484983102,0.007512436502512383,47.91,166.13,-51.8,1.6949536352217418,-9.49300025527591,-10.069961530939963
2D8x8,A_PA1_to_C1,134,39.02267691114972,203.37931197772247,-85.44267500237241,49.26,165.73,-51.8,0.39322176856257796,49.0901,165.7868,-53.1004,0.4739303263406115,0.46704137790742206,0.006888948433189429,49.26,165.73,-51.8,1.6215389503353888,-9.378844839172185,-10.02922079972259
2D8x8,A_PA1_to_C1,135,40.32971261578653,202.76894899163807,-85.16455939825487,50.61,165.33,-51.8,0.3962406627700629,50.3673,165.4026,-53.1004,0.47667387679996087,0.4700275092439115,0.006646367556049334,50.61,165.33,-51.8,1.6052462101043736,-9.312415054325541,-9.979083755106963
2D8x8,A_PA1_to_C1,136,41.62902929258818,202.1446564938012,-84.8812160005424,51.96,164.91,-51.8,0.399289329103225,51.6982,165.1897,-52.4603,0.4803452725752371,0.4730250572055385,0.007320215369698617,51.96,164.91,-51.8,1.6053163380682265,-9.24584180324511,-9.912440376062678
2D8x8,A_PA1_to_C1,137,42.92008254787703,201.5058761804476,-84.59244212770967,53.3,164.48,-51.8,0.3912804308739806,51.6982,165.1897,-52.4603,0.4838927794285192,0.4761249348127593,0.00776784461575991,53.3,164.48,-51.8,1.845220272586803,-9.421833321155743,-9.848527959454737
2D8x8,A_PA1_to_C1,138,44.20344095580125,200.8539741852588,-84.29875593198065,54.63,164.04,-51.8,0.40505077870091777,54.24,164.3711,-52.4603,0.4872867227817663,0.47931849941632954,0.00796822336543679,54.63,164.04,-51.8,1.6055021357303438,-9.121406453636672,-9.787819228792124
2D8x8,A_PA1_to_C1,139,45.479083879422326,200.1892406876478,-84.00027201496113,55.97,163.59,-51.8,0.40858800341134255,55.4451,163.7673,-53.1004,0.4904746430167475,0.482565540967665,0.00790910204908244,55.97,163.59,-51.8,1.5866189727796303,-9.045883659742412,-9.731179597848577
2D8x8,A_PA1_to_C1,140,46.74699928704412,199.5119648380151,-83.69710381974916,57.3,163.13,-51.8,0.41084194060801366,56.7688,163.5134,-52.4603,0.4934847251294141,0.48590450421582676,0.007580220913587351,57.3,163.13,-51.8,1.5919788505030874,-8.998100443475714,-9.678036503858422
2D8x8,A_PA1_to_C1,141,48.007181537454464,198.82243129729403,-83.3893624432826,58.62,162.66,-51.8,0.4113518561471577,57.8508,162.5722,-53.6759,0.49631967639690794,0.48933538820622047,0.006984288190687461,58.62,162.66,-51.8,1.6309606330647075,-8.987326655877032,-9.62828093369812
2D8x8,A_PA1_to_C1,142,49.25963216287593,198.12092114404783,-83.07715879174981,59.94,162.18,-51.8,0.41678251857216425,59.2841,162.6167,-52.4603,0.4989464535209416,0.4928362370393249,0.006110216481616696,59.94,162.18,-51.8,1.5628889061573403,-8.873405987678197,-9.58243199240665
2D8x8,A_PA1_to_C1,143,50.504359087927725,197.4077115489707,-82.76060183738355,61.26,161.68,-51.8,0.4078303678859459,61.7173,161.5039,-53.1004,0.501294809793261,0.4963297461036404,0.00496506368962059,61.26,161.68,-51.8,1.7922729403989188,-9.062004660150789,-9.541646630637665
2D8x8,A_PA1_to_C1,144,51.74137630049833,196.68307631020824,-82.4397969481123,62.58,161.18,-51.8,0.42453097137652324,61.7173,161.5039,-53.1004,0.5035328798167367,0.49996363311042563,0.003569246706311014,62.58,161.18,-51.8,1.4823691016644553,-8.71340829418292,-9.502954103404258
2D8x8,A_PA1_to_C1,145,52.97070413149112,195.9472847727104,-82.11485016116147,63.89,160.66,-51.8,0.42579090426132876,64.0648,161.9445,-51.8809,0.5056279618827971,0.5036075147203004,0.0020204471624967264,63.89,160.66,-51.8,1.4926940635549135,-8.68766828604915,-9.466889133380029
2D8x8,A_PA1_to_C1,146,54.19236807897806,195.20060217646076,-81.78586373787523,65.19,160.14,-51.8,0.4311772415108695,64.201,160.5309,-53.1004,0.5082799025752792,0.5074156623058454,0.0008642402694337636,65.19,160.14,-51.8,1.4289421649358371,-8.578479287044797,-9.421452032994754
2D8x8,A_PA1_to_C1,147,55.40639861693578,194.44328844032668,-81.45293907592712,66.49,159.6,-51.8,0.4320348062943284,65.509,160.2058,-52.4603,0.5133439725939745,0.5112054168734068,0.002138555720567702,66.49,159.6,-51.8,1.4977946114357086,-8.561221150909928,-9.335341450360016
2D8x8,A_PA1_to_C1,148,56.61283103800743,193.6755986866025,-81.11617586847466,67.79,159.06,-51.8,0.42508634692917,65.8808,158.9755,-54.1528,0.5192756159721367,0.5151336965986631,0.0041419193734735,67.79,159.06,-51.8,1.7384154640160272,-8.70205275483335,-9.235552201703118
2D8x8,A_PA1_to_C1,149,57.811705742301854,192.89778461982107,-80.77567078527012,69.08,158.5,-51.8,0.43333348962151064,69.1216,158.4705,-53.1004,0.5253010407788367,0.5190626046182403,0.006238436160596395,69.08,158.5,-51.8,1.671720140990929,-8.535150797798218,-9.135345567693085
2D8x8,A_PA1_to_C1,150,59.0030673546265,192.1100930008785,-80.431518605454,70.37,157.93,-51.8,0.44491338567419364,69.1216,158.4705,-53.1004,0.5314071212001079,0.523044092871669,0.008363028328438984,70.37,157.93,-51.8,1.543037956055755,-8.306086439473386,-9.034963394303425
2D8x8,A_PA1_to_C1,151,60.18696445293098,191.3127651870468,-80.0838131635974,71.65,157.35,-51.8,0.4468311506614571,71.1963,157.756,-52.4603,0.537515496290979,0.5271037773666453,0.010411718924333646,71.65,157.35,-51.8,1.6049509415953795,-8.268727038809537,-8.935691008099953
2D8x8,A_PA1_to_C1,152,61.363448392895926,190.5060368241799,-79.73264497029759,72.93,156.77,-51.8,0.44920594146391735,71.4171,157.0755,-53.6759,0.5436501659962218,0.5312986006043445,0.012351565391877277,72.93,156.77,-51.8,1.6574806622058602,-8.222686044967189,-8.837120293647123
2D8x8,A_PA1_to_C1,153,62.53257525076112,189.69013986366625,-79.37810395588245,74.2,156.17,-51.8,0.45581504004808304,72.769,156.8259,-53.1004,0.5495777932560626,0.535482450959224,0.014095342296838672,74.2,156.17,-51.8,1.6248104973501298,-8.09582286148368,-8.742927275019346
2D8x8,A_PA1_to_C1,154,63.69440350185478,188.86530081635576,-79.02027652704841,75.47,155.56,-51.8,0.4595479921038635,73.9762,156.259,-53.1004,0.5553149784709598,0.5397086078237862,0.01560637064717367,75.47,155.56,-51.8,1.6441702987363815,-8.024978424486807,-8.652723036636223
2D8x8,A_PA1_to_C1,155,64.8489950311793,188.0317417660356,-78.65924735945033,76.73999999999998,154.94,-51.8,0.46035809431159225,76.4614,155.2675,-52.4603,0.560790689620394,0.5439730019398176,0.01681768768057642,76.73999999999998,154.94,-51.8,1.7141002231946876,-8.00968021025654,-8.567494897947647
2D8x8,A_PA1_to_C1,156,65.99641377848022,187.18967854614155,-78.29510006010506,77.98999999999998,154.31,-51.8,0.46458760228483026,77.6564,154.6721,-52.4603,0.5659952659115072,0.5483392749932584,0.017655990918248755,77.98999999999998,154.31,-51.8,1.7149036479247635,-7.930243556471547,-8.487254819432579
2D8x8,A_PA1_to_C1,157,67.13672726207854,186.3393236804872,-77.92791593936606,79.25,153.67,-51.8,0.46883686043020506,78.8469,154.0675,-52.4603,0.5707988061023483,0.5527042139827395,0.018094592119608822,79.25,153.67,-51.8,1.7092261407248268,-7.851160901724407,-8.413849671885375
2D8x8,A_PA1_to_C1,158,68.27000362544098,185.4808832655693,-77.55777279708339,80.5,153.02,-51.8,0.4727972092102062,79.9447,153.2854,-53.1004,0.5752108225544134,0.5571322049251302,0.01807861762928315,80.5,153.02,-51.8,1.703042886249365,-7.778097795001541,-8.34696981963797
2D8x8,A_PA1_to_C1,159,69.3963146922312,184.6145597302445,-77.1847486605872,81.73999999999998,152.36,-51.8,0.4793648549002216,79.9447,153.2854,-53.1004,0.5792064032104967,0.5616217773777774,0.017584625832719247,81.73999999999998,152.36,-51.8,1.6433432852143828,-7.658272079374263,-8.286843705045676
2D8x8,A_PA1_to_C1,160,70.51573242914215,183.74054930316348,-76.80891769989609,82.98,151.69,-51.8,0.4818475001180596,82.2991,152.0318,-53.1004,0.5826999387300211,0.5661325233859864,0.016567415344034723,82.98,151.69,-51.8,1.650707245405341,-7.613403679147619,-8.234611344628073
2D8x8,A_PA1_to_C1,161,71.62833176385743,182.8590444248774,-76.43035371243633,84.20999999999998,151.01,-51.8,0.48790861689871373,82.2991,152.0318,-53.1004,0.5857342544285741,0.5706990375670371,0.015035216861536952,84.20999999999998,151.01,-51.8,1.5872426923505467,-7.504826118126608,-8.189498336661854
2D8x8,A_PA1_to_C1,162,72.73418891237762,181.9702330772119,-76.04912746341594,85.43,150.32,-51.8,0.4910557631272508,84.6339,150.742,-53.1004,0.5888432538815169,0.5758473832913272,0.01299587059018965,84.20999999999998,151.01,-51.8,1.5773778304673491,-7.448979634753564,-8.143516715172009
2D8x8,A_PA1_to_C1,163,73.83338034769403,181.07429724503453,-75.66530789168684,86.65,149.62,-51.8,0.5332686732475361,71.1147,194.8615,-57.5633,0.5915710753396068,0.5811500749437619,0.0104210003958449,85.43,150.32,-51.8,0.9012171854070679,-6.732674444295026,-8.103372169773754
2D8x8,A_PA1_to_C1,164,74.92598411421237,180.1714145158533,-75.27896292817486,87.87,148.91,-51.8,0.5749574375649484,72.9433,194.1834,-57.5633,0.5938612041551276,0.5864897788892978,0.0073714252658297445,86.65,149.62,-51.8,0.2809851647842987,-6.078881955917973,-8.06981170201947
2D8x8,A_PA1_to_C1,165,76.01207975140402,179.2617589762031,-74.89015774945686,89.08,148.19,-51.8,0.6020226358426838,74.7305,193.3982,-57.3629,0.5962743798248636,0.5920130375741021,0.004261342250761591,87.87,148.91,-51.8,-0.08333343021195444,-5.679339464498042,-8.034587805595793
2D8x8,A_PA1_to_C1,166,77.09174762221413,178.34549973922313,-74.49895691208107,90.28,147.46,-51.8,0.6458614360336203,76.5807,192.7756,-57.5633,0.6010210952107333,0.5975797945045846,0.003441300706148627,89.08,148.19,-51.8,-0.6249927664925425,-5.068808804714231,-7.96571648209257
2D8x8,A_PA1_to_C1,167,78.16506757020038,177.42280052578397,-74.10542222749868,91.48,146.72,-51.8,0.6728058336874401,78.3894,192.0462,-57.5633,0.6245235639028739,0.6175407531553118,0.006982810747562077,49.26,165.73,-51.8,-0.6468183809889869,-4.713800913501249,-7.6325342053760314
2D8x8,A_PA1_to_C1,168,79.23212000205737,176.49382133220942,-73.70961251769542,92.67,145.97,-51.8,0.6917065754379036,79.7271,191.4538,-57.4577,0.6401369213511937,0.628112161670244,0.012024759680949713,50.61,165.33,-51.8,-0.6729805461959808,-4.473157799260495,-7.4180532563422705
2D8x8,A_PA1_to_C1,169,80.2922457066076,175.5579947426321,-73.31132774143597,93.86,145.21,-51.8,0.7147580028357474,81.5232,190.6947,-57.4577,0.6608189632421149,0.6430410322466679,0.017777930995447007,53.3,164.48,-51.8,-0.6815305881669526,-4.188415348948935,-7.1418608480016825
2D8x8,A_PA1_to_C1,170,81.34621913040817,174.61616876514668,-72.91087417856407,95.03,144.44,-51.8,0.7308915474429903,83.312,189.9188,-57.4577,0.685956938694942,0.6621976493697533,0.023759289325188723,54.63,164.04,-51.8,-0.5511217183770918,-3.9945370938699147,-6.817573723132801
2D8x8,A_PA1_to_C1,171,82.39413102461414,173.66849982189953,-72.50831209760779,96.21,143.66,-51.8,0.7435734217703188,85.1086,189.1597,-57.5633,0.697371455787091,0.6670913861502299,0.030280069636861157,55.97,163.59,-51.8,-0.5571938151347158,-3.8451187224454406,-6.674227448465952
2D8x8,A_PA1_to_C1,172,83.43606417922192,172.71513292392234,-72.10369582975609,97.37,142.87,-51.8,0.7493441122912187,86.3998,188.4665,-57.3629,0.7220884729981613,0.6851044261014687,0.036984046896692546,58.62,162.66,-51.8,-0.32181774233524507,-3.7779698954095213,-6.371702548630561
2D8x8,A_PA1_to_C1,173,84.4721014411665,171.75620943958634,-71.69707749993427,98.53,142.08,-51.8,0.7551069875748044,88.1927,187.6986,-57.4577,0.7444185436453652,0.7003920617399334,0.044026481905431805,59.94,162.18,-51.8,-0.12382612334996172,-3.7114260994136323,-6.107167133649389
2D8x8,A_PA1_to_C1,174,85.50232556270262,170.791866357757,-71.28850885598135,99.68,141.27,-51.8,0.7535427550526309,89.9691,186.8932,-57.5633,0.7496916318751602,0.6984344027762703,0.051257229098889905,61.26,161.68,-51.8,-0.04450470848042996,-3.729437908968569,-6.045857528334793
2D8x8,A_PA1_to_C1,175,86.52681905914028,169.82223673745816,-70.87804031093589,100.83,140.45,-51.8,0.7472378401538485,91.2844,186.2533,-57.5633,0.7701477200152951,0.7114093159683518,0.05873840404694334,63.89,160.66,-51.8,0.2623035515955925,-3.802418752863908,-5.812030112154111
2D8x8,A_PA1_to_C1,176,87.54566407425344,168.8474505459108,-70.46571908527208,101.97,139.63,-51.8,0.7416058897694795,92.9877,185.2996,-57.3629,0.7891564614011879,0.7227489757915407,0.06640748560964714,65.19,160.14,-51.8,0.5397989294969845,-3.8681324766549,-5.60024845804371
2D8x8,A_PA1_to_C1,177,88.55844803780349,167.867192725398,-70.05143424762115,103.1,138.79,-51.8,0.7470099827075012,90.3626,181.8861,-53.9487,0.7886180220824196,0.7143662120911826,0.07425180999123704,66.49,159.6,-51.8,0.47080584195743524,-3.8050677708075775,-5.606176839735937
2D8x8,A_PA1_to_C1,178,89.56514571001105,166.8815077296887,-69.63520370616975,104.23,137.95,-51.8,0.7453464276887876,91.4206,180.8661,-53.3791,0.7886076914491983,0.7064459055068202,0.08216178594237813,69.08,158.5,-51.8,0.4900566841642365,-3.8244323960186537,-5.606290622740212
2D8x8,A_PA1_to_C1,179,90.56640539812672,165.89102646115222,-69.21725653762716,105.35,137.1,-51.8,0.7585464130210842,94.1155,179.9697,-53.9487,0.8018232038469366,0.7118237929515324,0.08999941089540425,70.37,157.93,-51.8,0.48192922121261406,-3.6719527018061133,-5.461938391479293
2D8x8,A_PA1_to_C1,180,91.56230890900198,164.8958659730496,-68.79763588335707,106.46,136.24,-51.8,0.7597047728364261,95.1521,178.9279,-53.3791,0.7915447297779488,0.6937002410098598,0.09784448876808892,71.65,157.35,-51.8,0.3566121356508497,-3.658698784979694,-5.574001560214637
2D8x8,A_PA1_to_C1,181,92.55293700046964,163.896139665199,-68.3763832599028,107.57,135.36,-51.8,0.7422560298932093,95.5157,178.3446,-51.6309,0.7921757314964488,0.6863992131531852,0.10577651834326365,105.35,137.1,-51.8,0.5653559834827777,-3.8605211947013514,-5.567080122104367
2D8x8,A_PA1_to_C1,182,93.5383696865723,162.89195751358884,-67.95353909558447,108.67,134.48,-51.8,0.7370305840970977,96.6886,177.7103,-51.6309,0.8070702791047422,0.6933673351060867,0.11370294399865538,106.46,136.24,-51.8,0.7885168908662509,-3.9218856846493355,-5.405283704668879
2D8x8,A_PA1_to_C1,183,94.51868676017396,161.8834265470593,-67.52914318940918,109.76,133.6,-51.8,0.7616463079968576,98.6625,176.591,-52.0041,0.8220793871477039,0.700297089012863,0.12178229813484093,107.57,135.36,-51.8,0.6632083519320509,-3.6365290576897276,-5.2452356166434715
2D8x8,A_PA1_to_C1,184,95.49271186178296,160.8696074210233,-67.1028632821566,110.84,132.7,-51.8,0.6959191304897931,101.1417,175.2887,-52.7159,0.8369908263299658,0.7070919166023807,0.12989890972758508,108.67,134.48,-51.8,1.60323845623038,-4.420420378032023,-5.089096832687437
2D8x8,A_PA1_to_C1,185,96.46170388940378,159.85160660413624,-66.67509437547085,111.92,131.79,-51.8,0.7215816603901872,102.3511,174.5841,-52.7159,0.8516462613939173,0.7136564635564486,0.13798979783746862,109.76,133.6,-51.8,1.4394751511175539,-4.105886148005628,-4.938325907773869
2D8x8,A_PA1_to_C1,186,97.42578646563032,158.82956069145675,-66.24588697364936,112.99,130.88,-51.8,0.7005131624774426,103.5076,173.7906,-52.0041,0.8667829336506168,0.7206196896040951,0.14616324404652173,109.76,133.6,-51.8,1.8498810357595956,-4.36326988244666,-4.785303757572858
2D8x8,A_PA1_to_C1,187,98.38503709192018,157.8035656055637,-65.81527629218839,114.05,129.95,-51.8,0.7819568635901187,81.7476,148.3495,-57.3494,0.8831569791487879,0.7286511607123549,0.15450581843643296,110.84,132.7,-51.8,1.0571021859687335,-3.4079399622555147,-4.622752687172575
2D8x8,A_PA1_to_C1,188,99.33953257020568,156.7737146908155,-65.3832963626497,115.1,129.02,-51.8,0.8019837492235615,81.7433,148.4109,-56.2596,0.8996256546106612,0.7365276016883647,0.16309805292229654,111.92,131.79,-51.8,0.9979252708439224,-3.1882845188995694,-4.462274158941443
2D8x8,A_PA1_to_C1,189,100.28870623937988,155.7395876756556,-64.94979971852082,116.15,128.08,-51.8,0.9162069352484639,84.186,147.5191,-57.2368,0.9160280911905646,0.7439711824329096,0.172056908757655,112.99,130.88,-51.8,-0.0016956555593082658,-2.0317243851557416,-4.305334951600844
2D8x8,A_PA1_to_C1,190,101.23243476882728,154.7011333967404,-64.5147688375107,117.19,127.13,-51.8,1.004447073668762,86.5359,146.4957,-58.1209,0.9321362696327478,0.7507989834102536,0.18133728622249412,114.05,129.95,-51.8,-0.648953020798493,-1.2330547254438182,-4.153922657128105
2D8x8,A_PA1_to_C1,191,102.17160842977847,153.6590922034527,-64.07846897385889,118.22,126.17,-51.8,0.9695896238857363,88.8219,145.3329,-58.9983,0.9481686101487119,0.7571250454020142,0.19104356474669776,115.1,129.02,-51.8,-0.19404771307786087,-1.539836697800129,-4.005799321763784
2D8x8,A_PA1_to_C1,192,103.10630135656044,152.6135477256028,-63.64093019392647,119.24,125.21,-51.8,0.7936706027760273,88.8219,145.3329,-58.9983,0.9644137627103899,0.7631276313276819,0.20128613138270807,116.15,128.08,-51.8,1.692462096988728,-3.2787899918512413,-3.8582428057483096
2D8x8,A_PA1_to_C1,193,104.0365865316082,151.5645810663427,-63.20218148831107,120.25,124.23,-51.8,1.066847933088167,91.04,144.0398,-59.8772,0.9807475252390896,0.7685575081371737,0.21219001710191582,117.19,127.13,-51.8,-0.730905984381036,-0.7095454792631838,-3.7123663745300135
2D8x8,A_PA1_to_C1,194,104.96171515673508,150.511645489133,-62.76203108739684,121.26,123.25,-51.8,1.1576567119845456,93.1854,142.6235,-60.7619,0.9973580249376526,0.7736089580972664,0.22374906684038615,118.22,126.17,-51.8,-1.2945741534490096,0.0,-3.566489064334804
2D8x8,A_PA1_to_C1,195,105.88177918168331,149.45485205613636,-62.320520446667565,122.26,122.26,-51.8,0.5991931422063038,93.1854,142.6235,-60.7619,1.0142829400458824,0.7783768004429935,0.23590613960288892,119.24,125.21,-51.8,4.571845732731969,-5.720259198256122,-3.420328376409948
2D8x8,A_PA1_to_C1,196,106.79762797996236,148.3948745970604,-61.877887560531605,123.25,121.26,-51.8,0.8366445170594311,94.7475,140.3415,-63.4686,1.0313187080197899,0.7828049105686546,0.2485137974511352,120.25,124.23,-51.8,1.8170385324861846,-2.8207764971185583,-3.275652875518169
2D8x8,A_PA1_to_C1,197,107.70933131348907,147.33178524017583,-61.43415856706641,124.23,120.25,-51.8,0.570224762889792,97.842,140.3154,-59.6933,1.0487096703161594,0.7874447480142511,0.2612649223019083,121.26,123.25,-51.8,5.292183988592054,-6.150674416424605,-3.130405338718345
2D8x8,A_PA1_to_C1,198,108.616958,146.265654,-60.989359,125.21,119.24,-51.8,0.8891244754822243,99.1258,137.69,-63.4286,1.0660601762569524,0.7923624586773926,0.27369771757955963,121.26,123.25,-51.8,1.5763830928940283,-2.2923445721514932,-2.98787639014326
